id_cli,num_cnt,perimetre,typ_evt,typ_evt_lv1,val_evt_lv1,lib_evt_lv1,typ_evt_lv2,val_evt_lv2,sens,mnt_evt,devise_compte,mnt_devise,devise_operation,dt_demande,dt_validation,dt_realisation,mode_paiement,typ_paiement,ind_3ds,ind_sans_contact,ind_saisie_pin,canal_init,canal_ordre,ctrpty_nom,ctrpty_pays,ctrpty_bnq_bic,cli_cd_pays_iso,cli_couleur_pays,cli_niveau_risque_pays,cli_top_pays_embargo,cli_top_pays_sanctions,cli_top_pays_gda,cli_top_pays_gafi,cli_top_pays_etnc,cli_top_pays_pthr,ctrpty_cd_pays_iso,ctrpty_couleur_pays,ctrpty_niveau_risque_pays,ctrpty_top_pays_embargo,ctrpty_top_pays_sanctions,ctrpty_top_pays_gda,ctrpty_top_pays_gafi,ctrpty_bnq_cd_pays_iso,ctrpty_bnq_couleur_pays,ctrpty_bnq_top_pays_embargo,ctrpty_bnq_top_pays_sanctions,Transaction_Sensible,annee_mois_part
CLI00048,CNT000155,service,RET,RET,RET,Retrait,,,C,1261.24,EUR,1261.24,EUR,2025-12-15,2025-12-15,2025-12-15,CHQ,SEPA,0,0,0,WEB,WEB,BNP,LU,BICLUXXX,KP,rouge,Élevé,1,1,0,0,0,0,LU,vert,Faible,0,0,0,0,LU,vert,0,0,1,2026-05
CLI00051,CNT000048,service,PRE,PRE,PRE,Prélèvement,,,C,1412.89,EUR,1412.89,EUR,2026-03-19,2026-03-19,2026-03-19,CB,NORM,0,0,0,MOBILE,MOBILE,BNP,BE,BICBEXXX,DE,vert,Faible,0,0,0,0,0,0,BE,vert,Faible,0,0,0,0,BE,vert,0,0,0,2026-05
CLI00052,CNT000190,service,PAI,PAI,PAI,Paiement carte,,,C,775.33,EUR,775.33,EUR,2025-06-07,2025-06-07,2025-06-07,CHQ,INST,0,0,0,IOS,IOS,SG,FR,BICFRXXX,LU,vert,Faible,0,0,0,0,0,0,FR,vert,Faible,0,0,0,0,FR,vert,0,0,0,2026-05
CLI00049,CNT000027,service,RET,RET,RET,Retrait,,,D,657.85,EUR,657.85,EUR,2026-02-22,2026-02-22,2026-02-22,CB,INST,0,0,0,WEB,WEB,AIRBUS,GB,BICGBXXX,DE,vert,Faible,0,0,0,0,0,0,GB,vert,Faible,0,0,0,0,GB,vert,0,0,0,2026-05
CLI00006,CNT000106,service,CHQ,CHQ,CHQ,Chèque,,,C,590.15,EUR,590.15,EUR,2025-10-26,2025-10-26,2025-10-26,CB,NORM,0,0,0,IOS,IOS,AIRBUS,CH,BICCHXXX,LU,vert,Faible,0,0,0,0,0,0,CH,vert,Faible,0,0,0,0,CH,vert,0,0,0,2026-05
CLI00058,CNT000069,service,PAI,PAI,PAI,Paiement carte,,,C,1906.76,EUR,1906.76,EUR,2025-05-23,2025-05-23,2025-05-23,CHQ,INST,0,0,0,IOS,IOS,BNP,GB,BICGBXXX,IT,vert,Faible,0,0,0,0,0,0,GB,vert,Faible,0,0,0,0,GB,vert,0,0,0,2026-05
CLI00031,CNT000153,service,VRT,VRT,VRT,Virement,,,D,108148.87,EUR,108148.87,EUR,2026-05-23,2026-05-23,2026-05-23,PRE,SEPA,0,0,0,MOBILE,MOBILE,EDF,ZA,BICZAXXX,AE,orange,Moyen,0,0,0,0,0,0,ZA,orange,Moyen,0,0,0,0,ZA,orange,0,0,0,2026-05
CLI00020,CNT000113,service,VRT,VRT,VRT,Virement,,,C,93047.82,EUR,93047.82,EUR,2025-12-04,2025-12-04,2025-12-04,PRE,NORM,0,0,0,SVI,SVI,TOTAL,CH,BICCHXXX,NL,vert,Faible,0,0,0,0,0,0,CH,vert,Faible,0,0,0,0,CH,vert,0,0,0,2026-05
CLI00009,CNT000046,service,RET,RET,RET,Retrait,,,C,317.26,EUR,317.26,EUR,2025-11-18,2025-11-18,2025-11-18,CHQ,INST,0,0,0,MOBILE,MOBILE,LVMH,ZA,BICZAXXX,BE,vert,Faible,0,0,0,0,0,0,ZA,orange,Moyen,0,0,0,0,ZA,orange,0,0,0,2026-05
CLI00037,CNT000030,service,PAI,PAI,PAI,Paiement carte,,,D,3930.4,EUR,3930.4,EUR,2026-01-09,2026-01-09,2026-01-09,VRT,NORM,1,0,1,MOBILE,MOBILE,SNCF,CH,BICCHXXX,US,vert,Faible,0,0,0,0,0,0,CH,vert,Faible,0,0,0,0,CH,vert,0,0,0,2026-05
CLI00029,CNT000173,service,RET,RET,RET,Retrait,,,C,1274.73,EUR,1274.73,EUR,2026-02-23,2026-02-23,2026-02-23,VRT,NORM,0,0,0,ANDROID,ANDROID,BNP,FR,BICFRXXX,LU,vert,Faible,0,0,0,0,0,0,FR,vert,Faible,0,0,0,0,FR,vert,0,0,0,2026-05
CLI00016,CNT000115,service,RET,RET,RET,Retrait,,,C,1187.83,EUR,1187.83,EUR,2025-03-17,2025-03-17,2025-03-17,PRE,NORM,0,0,0,IOS,IOS,AIRBUS,IT,BICITXXX,US,vert,Faible,0,0,0,0,0,0,IT,vert,Faible,0,0,0,0,IT,vert,0,0,0,2026-05
CLI00060,CNT000028,service,PRE,PRE,PRE,Prélèvement,,,D,552.1,EUR,552.1,EUR,2025-03-29,2025-03-29,2025-03-29,CHQ,SEPA,0,0,0,IOS,IOS,TOTAL,ES,BICESXXX,CH,vert,Faible,0,0,0,0,0,0,ES,vert,Faible,0,0,0,0,ES,vert,0,0,0,2026-05
CLI00003,CNT000111,service,CHQ,CHQ,CHQ,Chèque,,,D,611.43,EUR,611.43,EUR,2025-12-06,2025-12-06,2025-12-06,CB,SEPA,0,0,0,SVI,SVI,BNP,US,BICUSXXX,US,vert,Faible,0,0,0,0,0,0,US,vert,Faible,0,0,0,0,US,vert,0,0,0,2026-05
CLI00015,CNT000115,service,CHQ,CHQ,CHQ,Chèque,,,C,1037.74,EUR,1037.74,EUR,2025-08-15,2025-08-15,2025-08-15,PRE,INST,0,0,0,IOS,IOS,TOTAL,NL,BICNLXXX,AE,orange,Moyen,0,0,0,0,0,0,NL,vert,Faible,0,0,0,0,NL,vert,0,0,0,2026-05
CLI00045,CNT000107,service,CHQ,CHQ,CHQ,Chèque,,,D,734.5,EUR,734.5,EUR,2025-10-30,2025-10-30,2025-10-30,CB,NORM,0,0,0,WEB,WEB,EDF,BY,BICBYXXX,US,vert,Faible,0,0,0,0,0,0,BY,rouge,Élevé,1,1,1,0,BY,rouge,1,1,1,2026-05
CLI00023,CNT000122,service,RET,RET,RET,Retrait,,,D,791.25,EUR,791.25,EUR,2025-12-23,2025-12-23,2025-12-23,PRE,NORM,0,0,0,MOBILE,MOBILE,LVMH,ES,BICESXXX,ES,vert,Faible,0,0,0,0,0,0,ES,vert,Faible,0,0,0,0,ES,vert,0,0,0,2026-05
CLI00021,CNT000166,service,VRT,VRT,VRT,Virement,,,D,17307.04,EUR,17307.04,EUR,2025-12-18,2025-12-18,2025-12-18,VRT,NORM,0,0,0,MOBILE,MOBILE,SNCF,ES,BICESXXX,LU,vert,Faible,0,0,0,0,0,0,ES,vert,Faible,0,0,0,0,ES,vert,0,0,0,2026-05
CLI00034,CNT000060,service,PAI,PAI,PAI,Paiement carte,,,C,2134.72,EUR,2134.72,EUR,2026-04-19,2026-04-19,2026-04-19,VRT,SEPA,1,0,0,IOS,IOS,TOTAL,CH,BICCHXXX,US,vert,Faible,0,0,0,0,0,0,CH,vert,Faible,0,0,0,0,CH,vert,0,0,0,2026-05
CLI00057,CNT000053,service,PAI,PAI,PAI,Paiement carte,,,C,27.23,EUR,27.23,EUR,2025-08-08,2025-08-08,2025-08-08,CB,NORM,0,1,0,MOBILE,MOBILE,SG,BE,BICBEXXX,NL,vert,Faible,0,0,0,0,0,0,BE,vert,Faible,0,0,0,0,BE,vert,0,0,0,2026-05
CLI00013,CNT000153,service,PRE,PRE,PRE,Prélèvement,,,C,744.44,EUR,744.44,EUR,2025-11-17,2025-11-17,2025-11-17,PRE,NORM,0,0,0,WEB,WEB,CARREFOUR,US,BICUSXXX,IR,rouge,Élevé,1,1,0,0,0,0,US,vert,Faible,0,0,0,0,US,vert,0,0,1,2026-05
CLI00023,CNT000158,service,RET,RET,RET,Retrait,,,D,1224.33,EUR,1224.33,EUR,2025-11-01,2025-11-01,2025-11-01,VRT,INST,0,0,0,AGENCE,AGENCE,CARREFOUR,US,BICUSXXX,ES,vert,Faible,0,0,0,0,0,0,US,vert,Faible,0,0,0,0,US,vert,0,0,0,2026-05
CLI00016,CNT000108,service,RET,RET,RET,Retrait,,,D,229.21,EUR,229.21,EUR,2026-02-02,2026-02-02,2026-02-02,PRE,INST,0,0,0,WEB,WEB,EDF,BE,BICBEXXX,US,vert,Faible,0,0,0,0,0,0,BE,vert,Faible,0,0,0,0,BE,vert,0,0,0,2026-05
CLI00032,CNT000126,service,CHQ,CHQ,CHQ,Chèque,,,C,1499.85,EUR,1499.85,EUR,2025-06-20,2025-06-20,2025-06-20,VRT,SEPA,0,0,0,IOS,IOS,SG,US,BICUSXXX,ES,vert,Faible,0,0,0,0,0,0,US,vert,Faible,0,0,0,0,US,vert,0,0,0,2026-05
CLI00054,CNT000035,service,PRE,PRE,PRE,Prélèvement,,,D,1428.73,EUR,1428.73,EUR,2026-05-12,2026-05-12,2026-05-12,PRE,NORM,0,0,0,IOS,IOS,AIRBUS,ES,BICESXXX,FR,vert,Faible,0,0,0,0,0,0,ES,vert,Faible,0,0,0,0,ES,vert,0,0,0,2026-05
CLI00042,CNT000126,service,PRE,PRE,PRE,Prélèvement,,,D,1071.01,EUR,1071.01,EUR,2026-03-31,2026-03-31,2026-03-31,CB,NORM,0,0,0,MOBILE,MOBILE,AMAZON,LU,BICLUXXX,GB,vert,Faible,0,0,0,0,0,0,LU,vert,Faible,0,0,0,0,LU,vert,0,0,0,2026-05
CLI00051,CNT000200,service,PAI,PAI,PAI,Paiement carte,,,C,2690.36,EUR,2690.36,EUR,2025-06-22,2025-06-22,2025-06-22,PRE,NORM,1,1,0,MOBILE,MOBILE,AIRBUS,CH,BICCHXXX,DE,vert,Faible,0,0,0,0,0,0,CH,vert,Faible,0,0,0,0,CH,vert,0,0,0,2026-05
CLI00053,CNT000140,service,RET,RET,RET,Retrait,,,D,1144.81,EUR,1144.81,EUR,2026-03-28,2026-03-28,2026-03-28,PRE,SEPA,0,0,0,IOS,IOS,SNCF,IT,BICITXXX,ES,vert,Faible,0,0,0,0,0,0,IT,vert,Faible,0,0,0,0,IT,vert,0,0,0,2026-05
CLI00020,CNT000031,service,VRT,VRT,VRT,Virement,,,D,122518.45,EUR,122518.45,EUR,2026-03-26,2026-03-26,2026-03-26,VRT,NORM,0,0,0,MOBILE,MOBILE,TOTAL,BE,BICBEXXX,NL,vert,Faible,0,0,0,0,0,0,BE,vert,Faible,0,0,0,0,BE,vert,0,0,0,2026-05
CLI00045,CNT000053,service,RET,RET,RET,Retrait,,,D,653.69,EUR,653.69,EUR,2025-05-23,2025-05-23,2025-05-23,CB,NORM,0,0,0,AGENCE,AGENCE,SG,US,BICUSXXX,US,vert,Faible,0,0,0,0,0,0,US,vert,Faible,0,0,0,0,US,vert,0,0,0,2026-05
CLI00035,CNT000075,service,RET,RET,RET,Retrait,,,C,1468.92,EUR,1468.92,EUR,2025-10-27,2025-10-27,2025-10-27,CB,SEPA,0,0,0,IOS,IOS,AXA,GB,BICGBXXX,US,vert,Faible,0,0,0,0,0,0,GB,vert,Faible,0,0,0,0,GB,vert,0,0,0,2026-05
CLI00059,CNT000064,service,VRT,VRT,VRT,Virement,,,D,19076.88,EUR,19076.88,EUR,2025-05-16,2025-05-16,2025-05-16,CHQ,SEPA,0,0,0,SVI,SVI,AXA,ES,BICESXXX,NL,vert,Faible,0,0,0,0,0,0,ES,vert,Faible,0,0,0,0,ES,vert,0,0,0,2026-05
CLI00032,CNT000020,service,PAI,PAI,PAI,Paiement carte,,,D,2074.05,EUR,2074.05,EUR,2026-04-08,2026-04-08,2026-04-08,PRE,NORM,1,1,1,IOS,IOS,LVMH,CH,BICCHXXX,ES,vert,Faible,0,0,0,0,0,0,CH,vert,Faible,0,0,0,0,CH,vert,0,0,0,2026-05
CLI00032,CNT000188,service,RET,RET,RET,Retrait,,,C,1273.81,EUR,1273.81,EUR,2025-04-06,2025-04-06,2025-04-06,CHQ,SEPA,0,0,0,IOS,IOS,AIRBUS,ES,BICESXXX,ES,vert,Faible,0,0,0,0,0,0,ES,vert,Faible,0,0,0,0,ES,vert,0,0,0,2026-05
CLI00026,CNT000073,service,PAI,PAI,PAI,Paiement carte,,,C,2476.1,EUR,2476.1,EUR,2025-11-27,2025-11-27,2025-11-27,VRT,NORM,1,1,1,SVI,SVI,AMAZON,ES,BICESXXX,CH,vert,Faible,0,0,0,0,0,0,ES,vert,Faible,0,0,0,0,ES,vert,0,0,0,2026-05
CLI00003,CNT000113,service,VRT,VRT,VRT,Virement,,,C,2491.39,EUR,2491.39,EUR,2025-06-11,2025-06-11,2025-06-11,CB,INST,0,0,0,IOS,IOS,SNCF,ES,BICESXXX,US,vert,Faible,0,0,0,0,0,0,ES,vert,Faible,0,0,0,0,ES,vert,0,0,0,2026-05
CLI00045,CNT000024,service,PAI,PAI,PAI,Paiement carte,,,C,4372.74,EUR,4372.74,EUR,2025-10-08,2025-10-08,2025-10-08,CHQ,SEPA,1,1,0,AGENCE,AGENCE,AXA,CH,BICCHXXX,US,vert,Faible,0,0,0,0,0,0,CH,vert,Faible,0,0,0,0,CH,vert,0,0,0,2026-05
CLI00041,CNT000181,service,RET,RET,RET,Retrait,,,D,655.26,EUR,655.26,EUR,2025-04-04,2025-04-04,2025-04-04,CB,SEPA,0,0,0,IOS,IOS,LVMH,IT,BICITXXX,IT,vert,Faible,0,0,0,0,0,0,IT,vert,Faible,0,0,0,0,IT,vert,0,0,0,2026-05
CLI00005,CNT000179,service,PAI,PAI,PAI,Paiement carte,,,C,2228.11,EUR,2228.11,EUR,2025-01-09,2025-01-09,2025-01-09,CB,INST,1,0,0,IOS,IOS,CARREFOUR,LU,BICLUXXX,CH,vert,Faible,0,0,0,0,0,0,LU,vert,Faible,0,0,0,0,LU,vert,0,0,0,2026-05
CLI00047,CNT000199,service,VRT,VRT,VRT,Virement,,,D,44923.34,EUR,44923.34,EUR,2026-01-27,2026-01-27,2026-01-27,VRT,SEPA,0,0,0,WEB,WEB,AIRBUS,BE,BICBEXXX,LU,vert,Faible,0,0,0,0,0,0,BE,vert,Faible,0,0,0,0,BE,vert,0,0,0,2026-05
CLI00037,CNT000161,service,VRT,VRT,VRT,Virement,,,D,52710.6,EUR,52710.6,EUR,2025-08-07,2025-08-07,2025-08-07,PRE,NORM,0,0,0,IOS,IOS,LVMH,GB,BICGBXXX,US,vert,Faible,0,0,0,0,0,0,GB,vert,Faible,0,0,0,0,GB,vert,0,0,0,2026-05
CLI00056,CNT000090,service,PAI,PAI,PAI,Paiement carte,,,C,3763.47,EUR,3763.47,EUR,2026-01-29,2026-01-29,2026-01-29,CHQ,SEPA,0,1,0,WEB,WEB,TOTAL,GB,BICGBXXX,US,vert,Faible,0,0,0,0,0,0,GB,vert,Faible,0,0,0,0,GB,vert,0,0,0,2026-05
CLI00039,CNT000053,service,CHQ,CHQ,CHQ,Chèque,,,D,59.7,EUR,59.7,EUR,2025-11-05,2025-11-05,2025-11-05,PRE,INST,0,0,0,MOBILE,MOBILE,AMAZON,ZA,BICZAXXX,AE,orange,Moyen,0,0,0,0,0,0,ZA,orange,Moyen,0,0,0,0,ZA,orange,0,0,0,2026-05
CLI00051,CNT000136,service,PAI,PAI,PAI,Paiement carte,,,D,2500.41,EUR,2500.41,EUR,2025-03-14,2025-03-14,2025-03-14,CHQ,INST,0,1,1,MOBILE,MOBILE,SG,GB,BICGBXXX,DE,vert,Faible,0,0,0,0,0,0,GB,vert,Faible,0,0,0,0,GB,vert,0,0,0,2026-05
CLI00035,CNT000151,service,PAI,PAI,PAI,Paiement carte,,,D,3852.98,EUR,3852.98,EUR,2025-01-18,2025-01-18,2025-01-18,CB,INST,0,1,1,ANDROID,ANDROID,AXA,ZA,BICZAXXX,US,vert,Faible,0,0,0,0,0,0,ZA,orange,Moyen,0,0,0,0,ZA,orange,0,0,0,2026-05
CLI00033,CNT000022,service,RET,RET,RET,Retrait,,,D,634.84,EUR,634.84,EUR,2026-02-16,2026-02-16,2026-02-16,CHQ,SEPA,0,0,0,IOS,IOS,BNP,LU,BICLUXXX,FR,vert,Faible,0,0,0,0,0,0,LU,vert,Faible,0,0,0,0,LU,vert,0,0,0,2026-05
CLI00006,CNT000101,service,CHQ,CHQ,CHQ,Chèque,,,D,249.96,EUR,249.96,EUR,2025-12-01,2025-12-01,2025-12-01,CHQ,NORM,0,0,0,SVI,SVI,AXA,KP,BICKPXXX,LU,vert,Faible,0,0,0,0,0,0,KP,rouge,Élevé,1,1,0,0,KP,rouge,1,1,1,2026-05
CLI00047,CNT000157,service,PAI,PAI,PAI,Paiement carte,,,D,2175.25,EUR,2175.25,EUR,2026-04-10,2026-04-10,2026-04-10,CHQ,NORM,1,1,0,WEB,WEB,EDF,FR,BICFRXXX,LU,vert,Faible,0,0,0,0,0,0,FR,vert,Faible,0,0,0,0,FR,vert,0,0,0,2026-05
CLI00045,CNT000043,service,VRT,VRT,VRT,Virement,,,C,78474.65,EUR,78474.65,EUR,2025-09-23,2025-09-23,2025-09-23,VRT,NORM,0,0,0,WEB,WEB,BNP,ZA,BICZAXXX,US,vert,Faible,0,0,0,0,0,0,ZA,orange,Moyen,0,0,0,0,ZA,orange,0,0,0,2026-05
CLI00047,CNT000135,service,VRT,VRT,VRT,Virement,,,D,121075.82,EUR,121075.82,EUR,2025-10-06,2025-10-06,2025-10-06,CHQ,NORM,0,0,0,ANDROID,ANDROID,TOTAL,FR,BICFRXXX,LU,vert,Faible,0,0,0,0,0,0,FR,vert,Faible,0,0,0,0,FR,vert,0,0,0,2026-05
CLI00041,CNT000095,service,VRT,VRT,VRT,Virement,,,D,8363.09,EUR,8363.09,EUR,2025-06-20,2025-06-20,2025-06-20,CHQ,SEPA,0,0,0,MOBILE,MOBILE,TOTAL,LU,BICLUXXX,IT,vert,Faible,0,0,0,0,0,0,LU,vert,Faible,0,0,0,0,LU,vert,0,0,0,2026-05
CLI00044,CNT000063,service,VRT,VRT,VRT,Virement,,,D,6653.48,EUR,6653.48,EUR,2025-01-13,2025-01-13,2025-01-13,PRE,INST,0,0,0,MOBILE,MOBILE,AXA,LU,BICLUXXX,CN,orange,Moyen,0,0,0,0,0,0,LU,vert,Faible,0,0,0,0,LU,vert,0,0,0,2026-05
CLI00059,CNT000058,service,PAI,PAI,PAI,Paiement carte,,,C,181.64,EUR,181.64,EUR,2026-03-06,2026-03-06,2026-03-06,VRT,INST,1,0,1,MOBILE,MOBILE,TOTAL,RU,BICRUXXX,NL,vert,Faible,0,0,0,0,0,0,RU,rouge,Élevé,1,1,1,0,RU,rouge,1,1,1,2026-05
CLI00024,CNT000103,service,VRT,VRT,VRT,Virement,,,D,26942.69,EUR,26942.69,EUR,2025-02-17,2025-02-17,2025-02-17,PRE,INST,0,0,0,IOS,IOS,BNP,CN,BICCNXXX,CH,vert,Faible,0,0,0,0,0,0,CN,orange,Moyen,0,0,0,0,CN,orange,0,0,0,2026-05
CLI00021,CNT000190,service,VRT,VRT,VRT,Virement,,,D,30140.64,EUR,30140.64,EUR,2025-11-08,2025-11-08,2025-11-08,PRE,INST,0,0,0,IOS,IOS,TOTAL,FR,BICFRXXX,LU,vert,Faible,0,0,0,0,0,0,FR,vert,Faible,0,0,0,0,FR,vert,0,0,0,2026-05
CLI00032,CNT000002,service,PAI,PAI,PAI,Paiement carte,,,C,3980.89,EUR,3980.89,EUR,2025-06-04,2025-06-04,2025-06-04,CB,SEPA,1,1,1,IOS,IOS,AMAZON,NL,BICNLXXX,ES,vert,Faible,0,0,0,0,0,0,NL,vert,Faible,0,0,0,0,NL,vert,0,0,0,2026-05
CLI00022,CNT000027,service,VRT,VRT,VRT,Virement,,,D,110725.49,EUR,110725.49,EUR,2025-11-11,2025-11-11,2025-11-11,VRT,INST,0,0,0,ANDROID,ANDROID,LVMH,BE,BICBEXXX,IT,vert,Faible,0,0,0,0,0,0,BE,vert,Faible,0,0,0,0,BE,vert,0,0,0,2026-05
CLI00004,CNT000180,service,PAI,PAI,PAI,Paiement carte,,,C,4606.77,EUR,4606.77,EUR,2026-02-27,2026-02-27,2026-02-27,PRE,NORM,0,0,0,IOS,IOS,AXA,GB,BICGBXXX,US,vert,Faible,0,0,0,0,0,0,GB,vert,Faible,0,0,0,0,GB,vert,0,0,0,2026-05
CLI00005,CNT000075,service,CHQ,CHQ,CHQ,Chèque,,,C,1447.04,EUR,1447.04,EUR,2025-08-31,2025-08-31,2025-08-31,CHQ,INST,0,0,0,IOS,IOS,SG,LU,BICLUXXX,CH,vert,Faible,0,0,0,0,0,0,LU,vert,Faible,0,0,0,0,LU,vert,0,0,0,2026-05
CLI00021,CNT000040,service,PRE,PRE,PRE,Prélèvement,,,D,320.01,EUR,320.01,EUR,2025-04-22,2025-04-22,2025-04-22,VRT,INST,0,0,0,MOBILE,MOBILE,LVMH,FR,BICFRXXX,LU,vert,Faible,0,0,0,0,0,0,FR,vert,Faible,0,0,0,0,FR,vert,0,0,0,2026-05
CLI00021,CNT000079,service,PRE,PRE,PRE,Prélèvement,,,C,1160.1,EUR,1160.1,EUR,2026-04-08,2026-04-08,2026-04-08,CHQ,SEPA,0,0,0,WEB,WEB,CARREFOUR,BE,BICBEXXX,LU,vert,Faible,0,0,0,0,0,0,BE,vert,Faible,0,0,0,0,BE,vert,0,0,0,2026-05
CLI00011,CNT000038,service,RET,RET,RET,Retrait,,,D,79.69,EUR,79.69,EUR,2025-12-02,2025-12-02,2025-12-02,VRT,INST,0,0,0,ANDROID,ANDROID,AXA,IT,BICITXXX,LU,vert,Faible,0,0,0,0,0,0,IT,vert,Faible,0,0,0,0,IT,vert,0,0,0,2026-05
CLI00033,CNT000104,service,VRT,VRT,VRT,Virement,,,C,148601.96,EUR,148601.96,EUR,2025-02-01,2025-02-01,2025-02-01,VRT,SEPA,0,0,0,IOS,IOS,LVMH,DE,BICDEXXX,FR,vert,Faible,0,0,0,0,0,0,DE,vert,Faible,0,0,0,0,DE,vert,0,0,0,2026-05
CLI00007,CNT000034,service,PAI,PAI,PAI,Paiement carte,,,D,3905.9,EUR,3905.9,EUR,2025-08-16,2025-08-16,2025-08-16,PRE,INST,1,1,0,WEB,WEB,TOTAL,FR,BICFRXXX,ES,vert,Faible,0,0,0,0,0,0,FR,vert,Faible,0,0,0,0,FR,vert,0,0,0,2026-05
CLI00017,CNT000033,service,VRT,VRT,VRT,Virement,,,D,135379.29,EUR,135379.29,EUR,2026-03-31,2026-03-31,2026-03-31,CHQ,SEPA,0,0,0,WEB,WEB,AMAZON,FR,BICFRXXX,CH,vert,Faible,0,0,0,0,0,0,FR,vert,Faible,0,0,0,0,FR,vert,0,0,0,2026-05
CLI00030,CNT000128,service,VRT,VRT,VRT,Virement,,,D,123261.73,EUR,123261.73,EUR,2026-02-09,2026-02-09,2026-02-09,PRE,NORM,0,0,0,MOBILE,MOBILE,AXA,NL,BICNLXXX,GB,vert,Faible,0,0,0,0,0,0,NL,vert,Faible,0,0,0,0,NL,vert,0,0,0,2026-05
CLI00012,CNT000009,service,RET,RET,RET,Retrait,,,D,434.18,EUR,434.18,EUR,2025-06-02,2025-06-02,2025-06-02,CHQ,INST,0,0,0,MOBILE,MOBILE,AXA,DE,BICDEXXX,LU,vert,Faible,0,0,0,0,0,0,DE,vert,Faible,0,0,0,0,DE,vert,0,0,0,2026-05
CLI00057,CNT000052,service,CHQ,CHQ,CHQ,Chèque,,,D,586.86,EUR,586.86,EUR,2026-03-06,2026-03-06,2026-03-06,CB,INST,0,0,0,MOBILE,MOBILE,SG,GB,BICGBXXX,NL,vert,Faible,0,0,0,0,0,0,GB,vert,Faible,0,0,0,0,GB,vert,0,0,0,2026-05
CLI00031,CNT000100,service,CHQ,CHQ,CHQ,Chèque,,,C,857.16,EUR,857.16,EUR,2025-11-26,2025-11-26,2025-11-26,VRT,SEPA,0,0,0,ANDROID,ANDROID,SG,CH,BICCHXXX,AE,orange,Moyen,0,0,0,0,0,0,CH,vert,Faible,0,0,0,0,CH,vert,0,0,0,2026-05
CLI00039,CNT000136,service,PAI,PAI,PAI,Paiement carte,,,C,1408.26,EUR,1408.26,EUR,2026-04-29,2026-04-29,2026-04-29,VRT,SEPA,0,1,0,WEB,WEB,AMAZON,ES,BICESXXX,AE,orange,Moyen,0,0,0,0,0,0,ES,vert,Faible,0,0,0,0,ES,vert,0,0,0,2026-05
CLI00049,CNT000046,service,PAI,PAI,PAI,Paiement carte,,,D,1945.17,EUR,1945.17,EUR,2025-06-27,2025-06-27,2025-06-27,CHQ,NORM,1,1,0,IOS,IOS,SG,IR,BICIRXXX,DE,vert,Faible,0,0,0,0,0,0,IR,rouge,Élevé,1,1,0,0,IR,rouge,1,1,1,2026-05
CLI00037,CNT000139,service,CHQ,CHQ,CHQ,Chèque,,,C,1258.31,EUR,1258.31,EUR,2026-05-20,2026-05-20,2026-05-20,VRT,INST,0,0,0,WEB,WEB,AMAZON,ZA,BICZAXXX,US,vert,Faible,0,0,0,0,0,0,ZA,orange,Moyen,0,0,0,0,ZA,orange,0,0,0,2026-05
CLI00006,CNT000085,service,VRT,VRT,VRT,Virement,,,D,78990.95,EUR,78990.95,EUR,2025-01-01,2025-01-01,2025-01-01,VRT,INST,0,0,0,MOBILE,MOBILE,EDF,DE,BICDEXXX,LU,vert,Faible,0,0,0,0,0,0,DE,vert,Faible,0,0,0,0,DE,vert,0,0,0,2026-05
CLI00059,CNT000199,service,RET,RET,RET,Retrait,,,D,1062.95,EUR,1062.95,EUR,2025-05-26,2025-05-26,2025-05-26,CHQ,SEPA,0,0,0,WEB,WEB,SG,GB,BICGBXXX,NL,vert,Faible,0,0,0,0,0,0,GB,vert,Faible,0,0,0,0,GB,vert,0,0,0,2026-05
CLI00046,CNT000188,service,PRE,PRE,PRE,Prélèvement,,,C,497.45,EUR,497.45,EUR,2025-06-11,2025-06-11,2025-06-11,PRE,NORM,0,0,0,IOS,IOS,SG,CH,BICCHXXX,DE,vert,Faible,0,0,0,0,0,0,CH,vert,Faible,0,0,0,0,CH,vert,0,0,0,2026-05
CLI00012,CNT000171,service,CHQ,CHQ,CHQ,Chèque,,,D,1184.75,EUR,1184.75,EUR,2025-08-17,2025-08-17,2025-08-17,PRE,INST,0,0,0,IOS,IOS,BNP,IN,BICINXXX,LU,vert,Faible,0,0,0,0,0,0,IN,orange,Moyen,0,0,0,0,IN,orange,0,0,0,2026-05
CLI00009,CNT000198,service,PAI,PAI,PAI,Paiement carte,,,D,4743.75,EUR,4743.75,EUR,2026-02-05,2026-02-05,2026-02-05,VRT,NORM,1,1,1,IOS,IOS,TOTAL,ZA,BICZAXXX,BE,vert,Faible,0,0,0,0,0,0,ZA,orange,Moyen,0,0,0,0,ZA,orange,0,0,0,2026-05
CLI00007,CNT000043,service,PRE,PRE,PRE,Prélèvement,,,D,372.23,EUR,372.23,EUR,2025-11-24,2025-11-24,2025-11-24,CHQ,INST,0,0,0,WEB,WEB,AMAZON,IT,BICITXXX,ES,vert,Faible,0,0,0,0,0,0,IT,vert,Faible,0,0,0,0,IT,vert,0,0,0,2026-05
CLI00017,CNT000185,service,PAI,PAI,PAI,Paiement carte,,,D,1287.01,EUR,1287.01,EUR,2025-04-21,2025-04-21,2025-04-21,CB,INST,1,0,0,MOBILE,MOBILE,AXA,FR,BICFRXXX,CH,vert,Faible,0,0,0,0,0,0,FR,vert,Faible,0,0,0,0,FR,vert,0,0,0,2026-05
CLI00032,CNT000042,service,PRE,PRE,PRE,Prélèvement,,,C,1246.63,EUR,1246.63,EUR,2025-08-19,2025-08-19,2025-08-19,CB,SEPA,0,0,0,MOBILE,MOBILE,BNP,BE,BICBEXXX,ES,vert,Faible,0,0,0,0,0,0,BE,vert,Faible,0,0,0,0,BE,vert,0,0,0,2026-05
CLI00002,CNT000042,service,RET,RET,RET,Retrait,,,D,525.88,EUR,525.88,EUR,2026-01-20,2026-01-20,2026-01-20,CB,INST,0,0,0,MOBILE,MOBILE,TOTAL,GB,BICGBXXX,DE,vert,Faible,0,0,0,0,0,0,GB,vert,Faible,0,0,0,0,GB,vert,0,0,0,2026-05
CLI00040,CNT000041,service,PRE,PRE,PRE,Prélèvement,,,D,987.38,EUR,987.38,EUR,2026-03-21,2026-03-21,2026-03-21,CB,INST,0,0,0,IOS,IOS,SNCF,BE,BICBEXXX,ES,vert,Faible,0,0,0,0,0,0,BE,vert,Faible,0,0,0,0,BE,vert,0,0,0,2026-05
CLI00013,CNT000170,service,PRE,PRE,PRE,Prélèvement,,,C,1100.36,EUR,1100.36,EUR,2025-09-29,2025-09-29,2025-09-29,CHQ,SEPA,0,0,0,IOS,IOS,CARREFOUR,IT,BICITXXX,IR,rouge,Élevé,1,1,0,0,0,0,IT,vert,Faible,0,0,0,0,IT,vert,0,0,1,2026-05
CLI00004,CNT000001,service,PRE,PRE,PRE,Prélèvement,,,C,247.31,EUR,247.31,EUR,2026-01-05,2026-01-05,2026-01-05,CB,INST,0,0,0,IOS,IOS,TOTAL,ES,BICESXXX,US,vert,Faible,0,0,0,0,0,0,ES,vert,Faible,0,0,0,0,ES,vert,0,0,0,2026-05
CLI00031,CNT000122,service,PAI,PAI,PAI,Paiement carte,,,D,3192.76,EUR,3192.76,EUR,2025-03-25,2025-03-25,2025-03-25,CHQ,INST,1,1,0,WEB,WEB,AIRBUS,DE,BICDEXXX,AE,orange,Moyen,0,0,0,0,0,0,DE,vert,Faible,0,0,0,0,DE,vert,0,0,0,2026-05
CLI00025,CNT000068,service,PAI,PAI,PAI,Paiement carte,,,C,936.98,EUR,936.98,EUR,2025-02-15,2025-02-15,2025-02-15,PRE,INST,0,0,0,MOBILE,MOBILE,CARREFOUR,BE,BICBEXXX,NL,vert,Faible,0,0,0,0,0,0,BE,vert,Faible,0,0,0,0,BE,vert,0,0,0,2026-05
CLI00006,CNT000142,service,RET,RET,RET,Retrait,,,D,1139.56,EUR,1139.56,EUR,2025-08-21,2025-08-21,2025-08-21,PRE,NORM,0,0,0,ANDROID,ANDROID,AXA,BE,BICBEXXX,LU,vert,Faible,0,0,0,0,0,0,BE,vert,Faible,0,0,0,0,BE,vert,0,0,0,2026-05
CLI00035,CNT000183,service,PRE,PRE,PRE,Prélèvement,,,D,462.3,EUR,462.3,EUR,2026-02-09,2026-02-09,2026-02-09,VRT,SEPA,0,0,0,IOS,IOS,LVMH,DE,BICDEXXX,US,vert,Faible,0,0,0,0,0,0,DE,vert,Faible,0,0,0,0,DE,vert,0,0,0,2026-05
CLI00012,CNT000021,service,PAI,PAI,PAI,Paiement carte,,,C,635.3,EUR,635.3,EUR,2026-03-10,2026-03-10,2026-03-10,VRT,NORM,0,1,0,SVI,SVI,CARREFOUR,ES,BICESXXX,LU,vert,Faible,0,0,0,0,0,0,ES,vert,Faible,0,0,0,0,ES,vert,0,0,0,2026-05
CLI00006,CNT000004,service,PRE,PRE,PRE,Prélèvement,,,C,1287.8,EUR,1287.8,EUR,2026-04-15,2026-04-15,2026-04-15,CB,INST,0,0,0,IOS,IOS,EDF,NL,BICNLXXX,LU,vert,Faible,0,0,0,0,0,0,NL,vert,Faible,0,0,0,0,NL,vert,0,0,0,2026-05
CLI00010,CNT000145,service,CHQ,CHQ,CHQ,Chèque,,,D,1410.68,EUR,1410.68,EUR,2025-04-19,2025-04-19,2025-04-19,CHQ,NORM,0,0,0,IOS,IOS,SG,IT,BICITXXX,CN,orange,Moyen,0,0,0,0,0,0,IT,vert,Faible,0,0,0,0,IT,vert,0,0,0,2026-05
CLI00057,CNT000010,service,PRE,PRE,PRE,Prélèvement,,,D,866.59,EUR,866.59,EUR,2026-04-30,2026-04-30,2026-04-30,CHQ,INST,0,0,0,MOBILE,MOBILE,EDF,US,BICUSXXX,NL,vert,Faible,0,0,0,0,0,0,US,vert,Faible,0,0,0,0,US,vert,0,0,0,2026-05
CLI00040,CNT000177,service,CHQ,CHQ,CHQ,Chèque,,,D,605.77,EUR,605.77,EUR,2025-12-06,2025-12-06,2025-12-06,CB,NORM,0,0,0,IOS,IOS,LVMH,BE,BICBEXXX,ES,vert,Faible,0,0,0,0,0,0,BE,vert,Faible,0,0,0,0,BE,vert,0,0,0,2026-05
CLI00059,CNT000080,service,RET,RET,RET,Retrait,,,C,1229.73,EUR,1229.73,EUR,2025-11-07,2025-11-07,2025-11-07,PRE,NORM,0,0,0,AGENCE,AGENCE,CARREFOUR,FR,BICFRXXX,NL,vert,Faible,0,0,0,0,0,0,FR,vert,Faible,0,0,0,0,FR,vert,0,0,0,2026-05
CLI00056,CNT000069,service,PAI,PAI,PAI,Paiement carte,,,C,2218.34,EUR,2218.34,EUR,2025-11-25,2025-11-25,2025-11-25,CB,SEPA,1,1,0,WEB,WEB,LVMH,KP,BICKPXXX,US,vert,Faible,0,0,0,0,0,0,KP,rouge,Élevé,1,1,0,0,KP,rouge,1,1,1,2026-05
CLI00049,CNT000017,service,CHQ,CHQ,CHQ,Chèque,,,C,782.6,EUR,782.6,EUR,2025-06-12,2025-06-12,2025-06-12,PRE,SEPA,0,0,0,AGENCE,AGENCE,AIRBUS,ES,BICESXXX,DE,vert,Faible,0,0,0,0,0,0,ES,vert,Faible,0,0,0,0,ES,vert,0,0,0,2026-05
CLI00057,CNT000064,service,CHQ,CHQ,CHQ,Chèque,,,D,1252.74,EUR,1252.74,EUR,2025-03-01,2025-03-01,2025-03-01,PRE,SEPA,0,0,0,WEB,WEB,SG,DE,BICDEXXX,NL,vert,Faible,0,0,0,0,0,0,DE,vert,Faible,0,0,0,0,DE,vert,0,0,0,2026-05
CLI00046,CNT000175,service,PAI,PAI,PAI,Paiement carte,,,D,2528.11,EUR,2528.11,EUR,2025-05-07,2025-05-07,2025-05-07,VRT,INST,1,0,1,MOBILE,MOBILE,LVMH,ES,BICESXXX,DE,vert,Faible,0,0,0,0,0,0,ES,vert,Faible,0,0,0,0,ES,vert,0,0,0,2026-05
CLI00038,CNT000073,service,CHQ,CHQ,CHQ,Chèque,,,D,1343.85,EUR,1343.85,EUR,2025-04-03,2025-04-03,2025-04-03,PRE,SEPA,0,0,0,MOBILE,MOBILE,EDF,GB,BICGBXXX,US,vert,Faible,0,0,0,0,0,0,GB,vert,Faible,0,0,0,0,GB,vert,0,0,0,2026-05
CLI00055,CNT000174,service,CHQ,CHQ,CHQ,Chèque,,,D,347.6,EUR,347.6,EUR,2025-08-19,2025-08-19,2025-08-19,CHQ,NORM,0,0,0,ANDROID,ANDROID,AXA,DE,BICDEXXX,ES,vert,Faible,0,0,0,0,0,0,DE,vert,Faible,0,0,0,0,DE,vert,0,0,0,2026-05
CLI00033,CNT000034,service,VRT,VRT,VRT,Virement,,,D,102345.85,EUR,102345.85,EUR,2026-05-01,2026-05-01,2026-05-01,CB,SEPA,0,0,0,AGENCE,AGENCE,BNP,SY,BICSYXXX,FR,vert,Faible,0,0,0,0,0,0,SY,rouge,Élevé,1,1,0,0,SY,rouge,1,1,1,2026-05
CLI00039,CNT000090,service,RET,RET,RET,Retrait,,,C,427.56,EUR,427.56,EUR,2026-01-21,2026-01-21,2026-01-21,CHQ,SEPA,0,0,0,IOS,IOS,LVMH,IT,BICITXXX,AE,orange,Moyen,0,0,0,0,0,0,IT,vert,Faible,0,0,0,0,IT,vert,0,0,0,2026-05
CLI00020,CNT000144,service,CHQ,CHQ,CHQ,Chèque,,,C,171.42,EUR,171.42,EUR,2026-01-19,2026-01-19,2026-01-19,CHQ,NORM,0,0,0,ANDROID,ANDROID,CARREFOUR,BE,BICBEXXX,NL,vert,Faible,0,0,0,0,0,0,BE,vert,Faible,0,0,0,0,BE,vert,0,0,0,2026-05
CLI00031,CNT000067,service,VRT,VRT,VRT,Virement,,,C,48804.3,EUR,48804.3,EUR,2025-10-11,2025-10-11,2025-10-11,VRT,SEPA,0,0,0,MOBILE,MOBILE,AIRBUS,CH,BICCHXXX,AE,orange,Moyen,0,0,0,0,0,0,CH,vert,Faible,0,0,0,0,CH,vert,0,0,0,2026-05
CLI00049,CNT000170,service,PAI,PAI,PAI,Paiement carte,,,C,4012.81,EUR,4012.81,EUR,2026-02-18,2026-02-18,2026-02-18,VRT,NORM,0,0,0,AGENCE,AGENCE,AXA,ES,BICESXXX,DE,vert,Faible,0,0,0,0,0,0,ES,vert,Faible,0,0,0,0,ES,vert,0,0,0,2026-05
CLI00026,CNT000088,service,PRE,PRE,PRE,Prélèvement,,,D,1492.24,EUR,1492.24,EUR,2025-07-14,2025-07-14,2025-07-14,PRE,NORM,0,0,0,IOS,IOS,SG,NL,BICNLXXX,CH,vert,Faible,0,0,0,0,0,0,NL,vert,Faible,0,0,0,0,NL,vert,0,0,0,2026-05
CLI00033,CNT000076,service,RET,RET,RET,Retrait,,,D,1317.21,EUR,1317.21,EUR,2025-07-05,2025-07-05,2025-07-05,PRE,SEPA,0,0,0,AGENCE,AGENCE,BNP,ES,BICESXXX,FR,vert,Faible,0,0,0,0,0,0,ES,vert,Faible,0,0,0,0,ES,vert,0,0,0,2026-05
CLI00047,CNT000168,service,CHQ,CHQ,CHQ,Chèque,,,D,1025.97,EUR,1025.97,EUR,2025-12-10,2025-12-10,2025-12-10,VRT,INST,0,0,0,ANDROID,ANDROID,SNCF,DE,BICDEXXX,LU,vert,Faible,0,0,0,0,0,0,DE,vert,Faible,0,0,0,0,DE,vert,0,0,0,2026-05
CLI00048,CNT000119,service,RET,RET,RET,Retrait,,,D,570.09,EUR,570.09,EUR,2025-10-29,2025-10-29,2025-10-29,PRE,SEPA,0,0,0,MOBILE,MOBILE,TOTAL,AE,BICAEXXX,KP,rouge,Élevé,1,1,0,0,0,0,AE,orange,Moyen,0,0,0,0,AE,orange,0,0,1,2026-05
CLI00038,CNT000136,service,CHQ,CHQ,CHQ,Chèque,,,C,760.71,EUR,760.71,EUR,2026-01-26,2026-01-26,2026-01-26,PRE,SEPA,0,0,0,WEB,WEB,EDF,CN,BICCNXXX,US,vert,Faible,0,0,0,0,0,0,CN,orange,Moyen,0,0,0,0,CN,orange,0,0,0,2026-05
CLI00009,CNT000037,service,PAI,PAI,PAI,Paiement carte,,,C,4464.76,EUR,4464.76,EUR,2026-04-14,2026-04-14,2026-04-14,VRT,SEPA,1,1,0,MOBILE,MOBILE,AMAZON,IR,BICIRXXX,BE,vert,Faible,0,0,0,0,0,0,IR,rouge,Élevé,1,1,0,0,IR,rouge,1,1,1,2026-05
CLI00001,CNT000126,service,PRE,PRE,PRE,Prélèvement,,,D,269.54,EUR,269.54,EUR,2025-06-12,2025-06-12,2025-06-12,VRT,NORM,0,0,0,MOBILE,MOBILE,AXA,IT,BICITXXX,GB,vert,Faible,0,0,0,0,0,0,IT,vert,Faible,0,0,0,0,IT,vert,0,0,0,2026-05
CLI00041,CNT000137,service,PRE,PRE,PRE,Prélèvement,,,D,587.31,EUR,587.31,EUR,2025-02-08,2025-02-08,2025-02-08,CHQ,SEPA,0,0,0,MOBILE,MOBILE,SG,SY,BICSYXXX,IT,vert,Faible,0,0,0,0,0,0,SY,rouge,Élevé,1,1,0,0,SY,rouge,1,1,1,2026-05
CLI00049,CNT000058,service,CHQ,CHQ,CHQ,Chèque,,,C,947.5,EUR,947.5,EUR,2025-09-12,2025-09-12,2025-09-12,CHQ,SEPA,0,0,0,MOBILE,MOBILE,CARREFOUR,US,BICUSXXX,DE,vert,Faible,0,0,0,0,0,0,US,vert,Faible,0,0,0,0,US,vert,0,0,0,2026-05
CLI00025,CNT000075,service,CHQ,CHQ,CHQ,Chèque,,,C,1239.29,EUR,1239.29,EUR,2025-11-02,2025-11-02,2025-11-02,CHQ,INST,0,0,0,IOS,IOS,EDF,GB,BICGBXXX,NL,vert,Faible,0,0,0,0,0,0,GB,vert,Faible,0,0,0,0,GB,vert,0,0,0,2026-05
CLI00022,CNT000005,service,PRE,PRE,PRE,Prélèvement,,,D,1423.16,EUR,1423.16,EUR,2026-02-18,2026-02-18,2026-02-18,VRT,NORM,0,0,0,MOBILE,MOBILE,EDF,DE,BICDEXXX,IT,vert,Faible,0,0,0,0,0,0,DE,vert,Faible,0,0,0,0,DE,vert,0,0,0,2026-05
CLI00014,CNT000097,service,VRT,VRT,VRT,Virement,,,C,55020.39,EUR,55020.39,EUR,2025-02-08,2025-02-08,2025-02-08,CB,NORM,0,0,0,IOS,IOS,AMAZON,GB,BICGBXXX,FR,vert,Faible,0,0,0,0,0,0,GB,vert,Faible,0,0,0,0,GB,vert,0,0,0,2026-05
CLI00043,CNT000114,service,VRT,VRT,VRT,Virement,,,C,103477.97,EUR,103477.97,EUR,2026-03-03,2026-03-03,2026-03-03,CB,NORM,0,0,0,IOS,IOS,BNP,FR,BICFRXXX,ES,vert,Faible,0,0,0,0,0,0,FR,vert,Faible,0,0,0,0,FR,vert,0,0,0,2026-05
CLI00031,CNT000170,service,PAI,PAI,PAI,Paiement carte,,,D,51.48,EUR,51.48,EUR,2026-03-07,2026-03-07,2026-03-07,CHQ,NORM,1,0,1,MOBILE,MOBILE,CARREFOUR,US,BICUSXXX,AE,orange,Moyen,0,0,0,0,0,0,US,vert,Faible,0,0,0,0,US,vert,0,0,0,2026-05
CLI00033,CNT000156,service,CHQ,CHQ,CHQ,Chèque,,,D,177.27,EUR,177.27,EUR,2025-07-23,2025-07-23,2025-07-23,CHQ,NORM,0,0,0,WEB,WEB,SNCF,GB,BICGBXXX,FR,vert,Faible,0,0,0,0,0,0,GB,vert,Faible,0,0,0,0,GB,vert,0,0,0,2026-05
CLI00023,CNT000177,service,PRE,PRE,PRE,Prélèvement,,,C,754.6,EUR,754.6,EUR,2025-08-01,2025-08-01,2025-08-01,CHQ,SEPA,0,0,0,MOBILE,MOBILE,AMAZON,FR,BICFRXXX,ES,vert,Faible,0,0,0,0,0,0,FR,vert,Faible,0,0,0,0,FR,vert,0,0,0,2026-05
CLI00001,CNT000024,service,VRT,VRT,VRT,Virement,,,D,100369.84,EUR,100369.84,EUR,2025-06-02,2025-06-02,2025-06-02,CB,INST,0,0,0,AGENCE,AGENCE,SNCF,ES,BICESXXX,GB,vert,Faible,0,0,0,0,0,0,ES,vert,Faible,0,0,0,0,ES,vert,0,0,0,2026-05
CLI00030,CNT000075,service,RET,RET,RET,Retrait,,,C,1223.5,EUR,1223.5,EUR,2025-02-10,2025-02-10,2025-02-10,CHQ,INST,0,0,0,MOBILE,MOBILE,CARREFOUR,FR,BICFRXXX,GB,vert,Faible,0,0,0,0,0,0,FR,vert,Faible,0,0,0,0,FR,vert,0,0,0,2026-05
CLI00007,CNT000092,service,VRT,VRT,VRT,Virement,,,C,97097.43,EUR,97097.43,EUR,2025-12-03,2025-12-03,2025-12-03,CHQ,NORM,0,0,0,WEB,WEB,CARREFOUR,GB,BICGBXXX,ES,vert,Faible,0,0,0,0,0,0,GB,vert,Faible,0,0,0,0,GB,vert,0,0,0,2026-05
CLI00024,CNT000099,service,RET,RET,RET,Retrait,,,C,1444.22,EUR,1444.22,EUR,2025-10-06,2025-10-06,2025-10-06,PRE,NORM,0,0,0,MOBILE,MOBILE,EDF,BE,BICBEXXX,CH,vert,Faible,0,0,0,0,0,0,BE,vert,Faible,0,0,0,0,BE,vert,0,0,0,2026-05
CLI00008,CNT000027,service,PAI,PAI,PAI,Paiement carte,,,C,4712.62,EUR,4712.62,EUR,2025-06-13,2025-06-13,2025-06-13,PRE,NORM,1,0,0,IOS,IOS,SG,FR,BICFRXXX,FR,vert,Faible,0,0,0,0,0,0,FR,vert,Faible,0,0,0,0,FR,vert,0,0,0,2026-05
CLI00040,CNT000124,service,VRT,VRT,VRT,Virement,,,C,109105.43,EUR,109105.43,EUR,2025-05-14,2025-05-14,2025-05-14,CB,INST,0,0,0,AGENCE,AGENCE,LVMH,AE,BICAEXXX,ES,vert,Faible,0,0,0,0,0,0,AE,orange,Moyen,0,0,0,0,AE,orange,0,0,0,2026-05
CLI00003,CNT000172,service,VRT,VRT,VRT,Virement,,,C,105700.0,EUR,105700.0,EUR,2025-08-18,2025-08-18,2025-08-18,CB,INST,0,0,0,MOBILE,MOBILE,SNCF,CH,BICCHXXX,US,vert,Faible,0,0,0,0,0,0,CH,vert,Faible,0,0,0,0,CH,vert,0,0,0,2026-05
CLI00031,CNT000003,service,RET,RET,RET,Retrait,,,D,240.01,EUR,240.01,EUR,2025-02-25,2025-02-25,2025-02-25,PRE,INST,0,0,0,IOS,IOS,EDF,US,BICUSXXX,AE,orange,Moyen,0,0,0,0,0,0,US,vert,Faible,0,0,0,0,US,vert,0,0,0,2026-05
CLI00005,CNT000141,service,PRE,PRE,PRE,Prélèvement,,,C,431.67,EUR,431.67,EUR,2025-08-17,2025-08-17,2025-08-17,PRE,SEPA,0,0,0,MOBILE,MOBILE,CARREFOUR,CH,BICCHXXX,CH,vert,Faible,0,0,0,0,0,0,CH,vert,Faible,0,0,0,0,CH,vert,0,0,0,2026-05
CLI00030,CNT000081,service,PRE,PRE,PRE,Prélèvement,,,D,1287.75,EUR,1287.75,EUR,2026-04-03,2026-04-03,2026-04-03,PRE,NORM,0,0,0,ANDROID,ANDROID,AMAZON,LU,BICLUXXX,GB,vert,Faible,0,0,0,0,0,0,LU,vert,Faible,0,0,0,0,LU,vert,0,0,0,2026-05
CLI00007,CNT000155,service,PRE,PRE,PRE,Prélèvement,,,C,20.25,EUR,20.25,EUR,2025-04-04,2025-04-04,2025-04-04,VRT,NORM,0,0,0,MOBILE,MOBILE,LVMH,NL,BICNLXXX,ES,vert,Faible,0,0,0,0,0,0,NL,vert,Faible,0,0,0,0,NL,vert,0,0,0,2026-05
CLI00022,CNT000144,service,RET,RET,RET,Retrait,,,C,1269.59,EUR,1269.59,EUR,2025-12-06,2025-12-06,2025-12-06,CHQ,NORM,0,0,0,ANDROID,ANDROID,LVMH,ES,BICESXXX,IT,vert,Faible,0,0,0,0,0,0,ES,vert,Faible,0,0,0,0,ES,vert,0,0,0,2026-05
CLI00008,CNT000141,service,VRT,VRT,VRT,Virement,,,C,51236.5,EUR,51236.5,EUR,2025-10-26,2025-10-26,2025-10-26,CB,SEPA,0,0,0,ANDROID,ANDROID,EDF,DE,BICDEXXX,FR,vert,Faible,0,0,0,0,0,0,DE,vert,Faible,0,0,0,0,DE,vert,0,0,0,2026-05
CLI00032,CNT000157,service,PAI,PAI,PAI,Paiement carte,,,D,2049.01,EUR,2049.01,EUR,2025-09-18,2025-09-18,2025-09-18,VRT,SEPA,1,0,0,ANDROID,ANDROID,SNCF,IT,BICITXXX,ES,vert,Faible,0,0,0,0,0,0,IT,vert,Faible,0,0,0,0,IT,vert,0,0,0,2026-05
CLI00046,CNT000198,service,RET,RET,RET,Retrait,,,C,1391.41,EUR,1391.41,EUR,2025-05-07,2025-05-07,2025-05-07,PRE,NORM,0,0,0,WEB,WEB,TOTAL,BE,BICBEXXX,DE,vert,Faible,0,0,0,0,0,0,BE,vert,Faible,0,0,0,0,BE,vert,0,0,0,2026-05
CLI00033,CNT000150,service,PAI,PAI,PAI,Paiement carte,,,C,3682.39,EUR,3682.39,EUR,2026-03-20,2026-03-20,2026-03-20,VRT,NORM,1,1,0,SVI,SVI,AXA,FR,BICFRXXX,FR,vert,Faible,0,0,0,0,0,0,FR,vert,Faible,0,0,0,0,FR,vert,0,0,0,2026-05
CLI00043,CNT000156,service,CHQ,CHQ,CHQ,Chèque,,,D,1324.46,EUR,1324.46,EUR,2026-03-05,2026-03-05,2026-03-05,CHQ,INST,0,0,0,IOS,IOS,SG,CH,BICCHXXX,ES,vert,Faible,0,0,0,0,0,0,CH,vert,Faible,0,0,0,0,CH,vert,0,0,0,2026-05
CLI00019,CNT000180,service,PRE,PRE,PRE,Prélèvement,,,C,911.74,EUR,911.74,EUR,2025-11-03,2025-11-03,2025-11-03,VRT,SEPA,0,0,0,ANDROID,ANDROID,SNCF,GB,BICGBXXX,BY,rouge,Élevé,1,1,1,0,0,0,GB,vert,Faible,0,0,0,0,GB,vert,0,0,1,2026-05
CLI00040,CNT000129,service,RET,RET,RET,Retrait,,,C,216.35,EUR,216.35,EUR,2025-07-02,2025-07-02,2025-07-02,CB,INST,0,0,0,IOS,IOS,AIRBUS,BR,BICBRXXX,ES,vert,Faible,0,0,0,0,0,0,BR,orange,Moyen,0,0,0,0,BR,orange,0,0,0,2026-05
CLI00031,CNT000109,service,CHQ,CHQ,CHQ,Chèque,,,D,637.87,EUR,637.87,EUR,2025-10-20,2025-10-20,2025-10-20,CB,SEPA,0,0,0,IOS,IOS,AXA,US,BICUSXXX,AE,orange,Moyen,0,0,0,0,0,0,US,vert,Faible,0,0,0,0,US,vert,0,0,0,2026-05
CLI00010,CNT000074,service,VRT,VRT,VRT,Virement,,,C,112540.24,EUR,112540.24,EUR,2025-06-14,2025-06-14,2025-06-14,VRT,SEPA,0,0,0,IOS,IOS,BNP,DE,BICDEXXX,CN,orange,Moyen,0,0,0,0,0,0,DE,vert,Faible,0,0,0,0,DE,vert,0,0,0,2026-05
CLI00014,CNT000191,service,CHQ,CHQ,CHQ,Chèque,,,C,171.67,EUR,171.67,EUR,2025-08-18,2025-08-18,2025-08-18,VRT,NORM,0,0,0,WEB,WEB,BNP,ES,BICESXXX,FR,vert,Faible,0,0,0,0,0,0,ES,vert,Faible,0,0,0,0,ES,vert,0,0,0,2026-05
CLI00045,CNT000142,service,VRT,VRT,VRT,Virement,,,D,143507.46,EUR,143507.46,EUR,2025-11-17,2025-11-17,2025-11-17,CB,NORM,0,0,0,SVI,SVI,BNP,BE,BICBEXXX,US,vert,Faible,0,0,0,0,0,0,BE,vert,Faible,0,0,0,0,BE,vert,0,0,0,2026-05
CLI00013,CNT000163,service,CHQ,CHQ,CHQ,Chèque,,,C,675.73,EUR,675.73,EUR,2025-08-19,2025-08-19,2025-08-19,VRT,NORM,0,0,0,AGENCE,AGENCE,SNCF,ES,BICESXXX,IR,rouge,Élevé,1,1,0,0,0,0,ES,vert,Faible,0,0,0,0,ES,vert,0,0,1,2026-05
CLI00019,CNT000189,service,PRE,PRE,PRE,Prélèvement,,,D,296.73,EUR,296.73,EUR,2025-06-27,2025-06-27,2025-06-27,PRE,SEPA,0,0,0,MOBILE,MOBILE,AXA,US,BICUSXXX,BY,rouge,Élevé,1,1,1,0,0,0,US,vert,Faible,0,0,0,0,US,vert,0,0,1,2026-05
CLI00018,CNT000085,service,CHQ,CHQ,CHQ,Chèque,,,C,1272.1,EUR,1272.1,EUR,2025-01-06,2025-01-06,2025-01-06,VRT,SEPA,0,0,0,MOBILE,MOBILE,EDF,GB,BICGBXXX,DE,vert,Faible,0,0,0,0,0,0,GB,vert,Faible,0,0,0,0,GB,vert,0,0,0,2026-05
CLI00060,CNT000126,service,RET,RET,RET,Retrait,,,C,945.54,EUR,945.54,EUR,2025-11-05,2025-11-05,2025-11-05,CB,NORM,0,0,0,IOS,IOS,SG,IT,BICITXXX,CH,vert,Faible,0,0,0,0,0,0,IT,vert,Faible,0,0,0,0,IT,vert,0,0,0,2026-05
CLI00034,CNT000107,service,PAI,PAI,PAI,Paiement carte,,,C,3932.36,EUR,3932.36,EUR,2025-06-13,2025-06-13,2025-06-13,CB,INST,0,0,0,SVI,SVI,SG,LU,BICLUXXX,US,vert,Faible,0,0,0,0,0,0,LU,vert,Faible,0,0,0,0,LU,vert,0,0,0,2026-05
CLI00019,CNT000030,service,PAI,PAI,PAI,Paiement carte,,,C,2376.91,EUR,2376.91,EUR,2025-01-10,2025-01-10,2025-01-10,PRE,SEPA,1,1,1,SVI,SVI,AMAZON,US,BICUSXXX,BY,rouge,Élevé,1,1,1,0,0,0,US,vert,Faible,0,0,0,0,US,vert,0,0,1,2026-05
CLI00044,CNT000139,service,RET,RET,RET,Retrait,,,C,187.79,EUR,187.79,EUR,2025-09-20,2025-09-20,2025-09-20,CB,NORM,0,0,0,MOBILE,MOBILE,SG,ES,BICESXXX,CN,orange,Moyen,0,0,0,0,0,0,ES,vert,Faible,0,0,0,0,ES,vert,0,0,0,2026-05
CLI00033,CNT000083,service,CHQ,CHQ,CHQ,Chèque,,,D,1349.46,EUR,1349.46,EUR,2025-07-17,2025-07-17,2025-07-17,CB,SEPA,0,0,0,MOBILE,MOBILE,AIRBUS,FR,BICFRXXX,FR,vert,Faible,0,0,0,0,0,0,FR,vert,Faible,0,0,0,0,FR,vert,0,0,0,2026-05
CLI00035,CNT000176,service,VRT,VRT,VRT,Virement,,,C,94445.7,EUR,94445.7,EUR,2025-08-07,2025-08-07,2025-08-07,CB,SEPA,0,0,0,IOS,IOS,AIRBUS,DE,BICDEXXX,US,vert,Faible,0,0,0,0,0,0,DE,vert,Faible,0,0,0,0,DE,vert,0,0,0,2026-05
CLI00054,CNT000007,service,PRE,PRE,PRE,Prélèvement,,,C,1125.4,EUR,1125.4,EUR,2025-06-07,2025-06-07,2025-06-07,CHQ,SEPA,0,0,0,IOS,IOS,CARREFOUR,ZA,BICZAXXX,FR,vert,Faible,0,0,0,0,0,0,ZA,orange,Moyen,0,0,0,0,ZA,orange,0,0,0,2026-05
CLI00005,CNT000067,service,VRT,VRT,VRT,Virement,,,C,10612.79,EUR,10612.79,EUR,2025-08-22,2025-08-22,2025-08-22,PRE,INST,0,0,0,MOBILE,MOBILE,AXA,DE,BICDEXXX,CH,vert,Faible,0,0,0,0,0,0,DE,vert,Faible,0,0,0,0,DE,vert,0,0,0,2026-05
CLI00028,CNT000194,service,RET,RET,RET,Retrait,,,D,811.55,EUR,811.55,EUR,2025-03-06,2025-03-06,2025-03-06,CB,INST,0,0,0,WEB,WEB,AIRBUS,US,BICUSXXX,IT,vert,Faible,0,0,0,0,0,0,US,vert,Faible,0,0,0,0,US,vert,0,0,0,2026-05
CLI00007,CNT000098,service,RET,RET,RET,Retrait,,,C,148.03,EUR,148.03,EUR,2026-03-25,2026-03-25,2026-03-25,CB,INST,0,0,0,ANDROID,ANDROID,EDF,CH,BICCHXXX,ES,vert,Faible,0,0,0,0,0,0,CH,vert,Faible,0,0,0,0,CH,vert,0,0,0,2026-05
CLI00035,CNT000163,service,PAI,PAI,PAI,Paiement carte,,,D,3988.44,EUR,3988.44,EUR,2025-10-30,2025-10-30,2025-10-30,CHQ,NORM,1,1,1,WEB,WEB,SG,BE,BICBEXXX,US,vert,Faible,0,0,0,0,0,0,BE,vert,Faible,0,0,0,0,BE,vert,0,0,0,2026-05
CLI00001,CNT000138,service,CHQ,CHQ,CHQ,Chèque,,,D,81.82,EUR,81.82,EUR,2026-02-08,2026-02-08,2026-02-08,CHQ,SEPA,0,0,0,AGENCE,AGENCE,SG,GB,BICGBXXX,GB,vert,Faible,0,0,0,0,0,0,GB,vert,Faible,0,0,0,0,GB,vert,0,0,0,2026-05
CLI00014,CNT000057,service,PRE,PRE,PRE,Prélèvement,,,C,230.83,EUR,230.83,EUR,2025-07-08,2025-07-08,2025-07-08,VRT,SEPA,0,0,0,AGENCE,AGENCE,EDF,ES,BICESXXX,FR,vert,Faible,0,0,0,0,0,0,ES,vert,Faible,0,0,0,0,ES,vert,0,0,0,2026-05
CLI00043,CNT000166,service,CHQ,CHQ,CHQ,Chèque,,,D,1399.91,EUR,1399.91,EUR,2026-04-18,2026-04-18,2026-04-18,CHQ,NORM,0,0,0,AGENCE,AGENCE,CARREFOUR,ES,BICESXXX,ES,vert,Faible,0,0,0,0,0,0,ES,vert,Faible,0,0,0,0,ES,vert,0,0,0,2026-05
CLI00017,CNT000033,service,VRT,VRT,VRT,Virement,,,D,142733.41,EUR,142733.41,EUR,2026-01-01,2026-01-01,2026-01-01,CB,INST,0,0,0,MOBILE,MOBILE,TOTAL,NL,BICNLXXX,CH,vert,Faible,0,0,0,0,0,0,NL,vert,Faible,0,0,0,0,NL,vert,0,0,0,2026-05
CLI00005,CNT000178,service,PAI,PAI,PAI,Paiement carte,,,D,3083.63,EUR,3083.63,EUR,2025-11-10,2025-11-10,2025-11-10,CHQ,INST,1,0,0,MOBILE,MOBILE,SNCF,LU,BICLUXXX,CH,vert,Faible,0,0,0,0,0,0,LU,vert,Faible,0,0,0,0,LU,vert,0,0,0,2026-05
CLI00046,CNT000123,service,PRE,PRE,PRE,Prélèvement,,,C,1025.78,EUR,1025.78,EUR,2025-12-06,2025-12-06,2025-12-06,PRE,INST,0,0,0,MOBILE,MOBILE,BNP,BE,BICBEXXX,DE,vert,Faible,0,0,0,0,0,0,BE,vert,Faible,0,0,0,0,BE,vert,0,0,0,2026-05
CLI00032,CNT000036,service,CHQ,CHQ,CHQ,Chèque,,,D,141.32,EUR,141.32,EUR,2025-10-15,2025-10-15,2025-10-15,CHQ,NORM,0,0,0,WEB,WEB,CARREFOUR,US,BICUSXXX,ES,vert,Faible,0,0,0,0,0,0,US,vert,Faible,0,0,0,0,US,vert,0,0,0,2026-05
CLI00047,CNT000197,service,VRT,VRT,VRT,Virement,,,D,94762.39,EUR,94762.39,EUR,2026-02-19,2026-02-19,2026-02-19,CB,NORM,0,0,0,AGENCE,AGENCE,BNP,ES,BICESXXX,LU,vert,Faible,0,0,0,0,0,0,ES,vert,Faible,0,0,0,0,ES,vert,0,0,0,2026-05
CLI00035,CNT000198,service,CHQ,CHQ,CHQ,Chèque,,,C,561.41,EUR,561.41,EUR,2025-08-17,2025-08-17,2025-08-17,VRT,INST,0,0,0,MOBILE,MOBILE,AIRBUS,IT,BICITXXX,US,vert,Faible,0,0,0,0,0,0,IT,vert,Faible,0,0,0,0,IT,vert,0,0,0,2026-05
CLI00033,CNT000194,service,VRT,VRT,VRT,Virement,,,D,99418.64,EUR,99418.64,EUR,2025-06-19,2025-06-19,2025-06-19,PRE,SEPA,0,0,0,MOBILE,MOBILE,EDF,LU,BICLUXXX,FR,vert,Faible,0,0,0,0,0,0,LU,vert,Faible,0,0,0,0,LU,vert,0,0,0,2026-05
CLI00037,CNT000092,service,CHQ,CHQ,CHQ,Chèque,,,D,1109.16,EUR,1109.16,EUR,2026-05-11,2026-05-11,2026-05-11,VRT,INST,0,0,0,IOS,IOS,SNCF,SY,BICSYXXX,US,vert,Faible,0,0,0,0,0,0,SY,rouge,Élevé,1,1,0,0,SY,rouge,1,1,1,2026-05
CLI00005,CNT000100,service,RET,RET,RET,Retrait,,,C,326.03,EUR,326.03,EUR,2026-01-05,2026-01-05,2026-01-05,PRE,SEPA,0,0,0,MOBILE,MOBILE,AMAZON,FR,BICFRXXX,CH,vert,Faible,0,0,0,0,0,0,FR,vert,Faible,0,0,0,0,FR,vert,0,0,0,2026-05
CLI00042,CNT000190,service,RET,RET,RET,Retrait,,,C,957.68,EUR,957.68,EUR,2025-10-08,2025-10-08,2025-10-08,VRT,INST,0,0,0,WEB,WEB,AXA,SY,BICSYXXX,GB,vert,Faible,0,0,0,0,0,0,SY,rouge,Élevé,1,1,0,0,SY,rouge,1,1,1,2026-05
CLI00024,CNT000058,service,CHQ,CHQ,CHQ,Chèque,,,C,784.66,EUR,784.66,EUR,2026-01-21,2026-01-21,2026-01-21,CHQ,INST,0,0,0,IOS,IOS,LVMH,ES,BICESXXX,CH,vert,Faible,0,0,0,0,0,0,ES,vert,Faible,0,0,0,0,ES,vert,0,0,0,2026-05
CLI00051,CNT000043,service,PRE,PRE,PRE,Prélèvement,,,D,1325.41,EUR,1325.41,EUR,2026-03-27,2026-03-27,2026-03-27,CB,NORM,0,0,0,AGENCE,AGENCE,BNP,FR,BICFRXXX,DE,vert,Faible,0,0,0,0,0,0,FR,vert,Faible,0,0,0,0,FR,vert,0,0,0,2026-05
CLI00014,CNT000170,service,PAI,PAI,PAI,Paiement carte,,,D,3587.93,EUR,3587.93,EUR,2025-05-02,2025-05-02,2025-05-02,PRE,INST,1,0,0,MOBILE,MOBILE,SNCF,BE,BICBEXXX,FR,vert,Faible,0,0,0,0,0,0,BE,vert,Faible,0,0,0,0,BE,vert,0,0,0,2026-05
CLI00038,CNT000147,service,PAI,PAI,PAI,Paiement carte,,,D,1222.13,EUR,1222.13,EUR,2025-05-11,2025-05-11,2025-05-11,VRT,NORM,1,1,0,IOS,IOS,EDF,BE,BICBEXXX,US,vert,Faible,0,0,0,0,0,0,BE,vert,Faible,0,0,0,0,BE,vert,0,0,0,2026-05
CLI00017,CNT000185,service,PAI,PAI,PAI,Paiement carte,,,C,4846.37,EUR,4846.37,EUR,2025-01-20,2025-01-20,2025-01-20,CB,SEPA,1,1,1,IOS,IOS,EDF,BE,BICBEXXX,CH,vert,Faible,0,0,0,0,0,0,BE,vert,Faible,0,0,0,0,BE,vert,0,0,0,2026-05
CLI00015,CNT000160,service,PRE,PRE,PRE,Prélèvement,,,C,1234.27,EUR,1234.27,EUR,2025-07-06,2025-07-06,2025-07-06,VRT,NORM,0,0,0,IOS,IOS,SG,ES,BICESXXX,AE,orange,Moyen,0,0,0,0,0,0,ES,vert,Faible,0,0,0,0,ES,vert,0,0,0,2026-05
CLI00060,CNT000028,service,PRE,PRE,PRE,Prélèvement,,,D,579.75,EUR,579.75,EUR,2025-05-16,2025-05-16,2025-05-16,VRT,NORM,0,0,0,IOS,IOS,AIRBUS,FR,BICFRXXX,CH,vert,Faible,0,0,0,0,0,0,FR,vert,Faible,0,0,0,0,FR,vert,0,0,0,2026-05
CLI00044,CNT000137,service,PRE,PRE,PRE,Prélèvement,,,D,282.58,EUR,282.58,EUR,2025-02-09,2025-02-09,2025-02-09,CB,INST,0,0,0,ANDROID,ANDROID,EDF,NL,BICNLXXX,CN,orange,Moyen,0,0,0,0,0,0,NL,vert,Faible,0,0,0,0,NL,vert,0,0,0,2026-05
CLI00058,CNT000134,service,CHQ,CHQ,CHQ,Chèque,,,C,1407.85,EUR,1407.85,EUR,2026-03-18,2026-03-18,2026-03-18,CHQ,SEPA,0,0,0,IOS,IOS,AIRBUS,FR,BICFRXXX,IT,vert,Faible,0,0,0,0,0,0,FR,vert,Faible,0,0,0,0,FR,vert,0,0,0,2026-05
CLI00028,CNT000151,service,PAI,PAI,PAI,Paiement carte,,,D,3844.52,EUR,3844.52,EUR,2025-12-25,2025-12-25,2025-12-25,PRE,SEPA,0,1,1,SVI,SVI,CARREFOUR,LU,BICLUXXX,IT,vert,Faible,0,0,0,0,0,0,LU,vert,Faible,0,0,0,0,LU,vert,0,0,0,2026-05
CLI00019,CNT000148,service,CHQ,CHQ,CHQ,Chèque,,,D,299.75,EUR,299.75,EUR,2025-01-08,2025-01-08,2025-01-08,CB,INST,0,0,0,AGENCE,AGENCE,SNCF,BE,BICBEXXX,BY,rouge,Élevé,1,1,1,0,0,0,BE,vert,Faible,0,0,0,0,BE,vert,0,0,1,2026-05
CLI00045,CNT000067,service,RET,RET,RET,Retrait,,,C,650.59,EUR,650.59,EUR,2025-09-17,2025-09-17,2025-09-17,CHQ,NORM,0,0,0,MOBILE,MOBILE,BNP,GB,BICGBXXX,US,vert,Faible,0,0,0,0,0,0,GB,vert,Faible,0,0,0,0,GB,vert,0,0,0,2026-05
CLI00044,CNT000046,service,PRE,PRE,PRE,Prélèvement,,,C,1180.01,EUR,1180.01,EUR,2026-05-10,2026-05-10,2026-05-10,PRE,INST,0,0,0,ANDROID,ANDROID,BNP,BE,BICBEXXX,CN,orange,Moyen,0,0,0,0,0,0,BE,vert,Faible,0,0,0,0,BE,vert,0,0,0,2026-05
CLI00037,CNT000192,service,RET,RET,RET,Retrait,,,D,224.34,EUR,224.34,EUR,2025-05-02,2025-05-02,2025-05-02,PRE,NORM,0,0,0,ANDROID,ANDROID,EDF,BE,BICBEXXX,US,vert,Faible,0,0,0,0,0,0,BE,vert,Faible,0,0,0,0,BE,vert,0,0,0,2026-05
CLI00007,CNT000042,service,PAI,PAI,PAI,Paiement carte,,,C,4005.26,EUR,4005.26,EUR,2025-02-23,2025-02-23,2025-02-23,CB,SEPA,1,0,1,IOS,IOS,CARREFOUR,ES,BICESXXX,ES,vert,Faible,0,0,0,0,0,0,ES,vert,Faible,0,0,0,0,ES,vert,0,0,0,2026-05
CLI00005,CNT000103,service,RET,RET,RET,Retrait,,,C,75.88,EUR,75.88,EUR,2026-01-29,2026-01-29,2026-01-29,CB,SEPA,0,0,0,MOBILE,MOBILE,LVMH,FR,BICFRXXX,CH,vert,Faible,0,0,0,0,0,0,FR,vert,Faible,0,0,0,0,FR,vert,0,0,0,2026-05
CLI00029,CNT000050,service,VRT,VRT,VRT,Virement,,,D,120596.29,EUR,120596.29,EUR,2025-10-20,2025-10-20,2025-10-20,VRT,NORM,0,0,0,MOBILE,MOBILE,EDF,US,BICUSXXX,LU,vert,Faible,0,0,0,0,0,0,US,vert,Faible,0,0,0,0,US,vert,0,0,0,2026-05
CLI00044,CNT000071,service,VRT,VRT,VRT,Virement,,,C,146348.1,EUR,146348.1,EUR,2025-03-30,2025-03-30,2025-03-30,CHQ,NORM,0,0,0,MOBILE,MOBILE,AXA,US,BICUSXXX,CN,orange,Moyen,0,0,0,0,0,0,US,vert,Faible,0,0,0,0,US,vert,0,0,0,2026-05
CLI00026,CNT000141,service,CHQ,CHQ,CHQ,Chèque,,,C,1061.36,EUR,1061.36,EUR,2025-04-03,2025-04-03,2025-04-03,CHQ,INST,0,0,0,MOBILE,MOBILE,BNP,FR,BICFRXXX,CH,vert,Faible,0,0,0,0,0,0,FR,vert,Faible,0,0,0,0,FR,vert,0,0,0,2026-05
CLI00015,CNT000067,service,CHQ,CHQ,CHQ,Chèque,,,D,617.86,EUR,617.86,EUR,2025-01-05,2025-01-05,2025-01-05,PRE,NORM,0,0,0,SVI,SVI,CARREFOUR,LU,BICLUXXX,AE,orange,Moyen,0,0,0,0,0,0,LU,vert,Faible,0,0,0,0,LU,vert,0,0,0,2026-05
CLI00036,CNT000138,service,VRT,VRT,VRT,Virement,,,C,17595.5,EUR,17595.5,EUR,2025-09-21,2025-09-21,2025-09-21,PRE,INST,0,0,0,IOS,IOS,TOTAL,CH,BICCHXXX,CN,orange,Moyen,0,0,0,0,0,0,CH,vert,Faible,0,0,0,0,CH,vert,0,0,0,2026-05
CLI00031,CNT000151,service,PAI,PAI,PAI,Paiement carte,,,D,2296.95,EUR,2296.95,EUR,2026-04-17,2026-04-17,2026-04-17,PRE,SEPA,0,0,1,ANDROID,ANDROID,SNCF,RU,BICRUXXX,AE,orange,Moyen,0,0,0,0,0,0,RU,rouge,Élevé,1,1,1,0,RU,rouge,1,1,1,2026-05
CLI00044,CNT000180,service,PAI,PAI,PAI,Paiement carte,,,C,1768.72,EUR,1768.72,EUR,2025-01-10,2025-01-10,2025-01-10,VRT,INST,0,1,1,ANDROID,ANDROID,CARREFOUR,BE,BICBEXXX,CN,orange,Moyen,0,0,0,0,0,0,BE,vert,Faible,0,0,0,0,BE,vert,0,0,0,2026-05
CLI00036,CNT000047,service,PAI,PAI,PAI,Paiement carte,,,D,4472.11,EUR,4472.11,EUR,2025-10-03,2025-10-03,2025-10-03,PRE,NORM,0,1,1,MOBILE,MOBILE,SNCF,BE,BICBEXXX,CN,orange,Moyen,0,0,0,0,0,0,BE,vert,Faible,0,0,0,0,BE,vert,0,0,0,2026-05
CLI00015,CNT000031,service,PAI,PAI,PAI,Paiement carte,,,D,1783.36,EUR,1783.36,EUR,2025-04-20,2025-04-20,2025-04-20,PRE,NORM,0,1,1,AGENCE,AGENCE,LVMH,ES,BICESXXX,AE,orange,Moyen,0,0,0,0,0,0,ES,vert,Faible,0,0,0,0,ES,vert,0,0,0,2026-05
CLI00024,CNT000126,service,CHQ,CHQ,CHQ,Chèque,,,D,1323.86,EUR,1323.86,EUR,2025-10-09,2025-10-09,2025-10-09,CHQ,INST,0,0,0,MOBILE,MOBILE,SNCF,CN,BICCNXXX,CH,vert,Faible,0,0,0,0,0,0,CN,orange,Moyen,0,0,0,0,CN,orange,0,0,0,2026-05
CLI00049,CNT000129,service,CHQ,CHQ,CHQ,Chèque,,,C,646.3,EUR,646.3,EUR,2025-02-03,2025-02-03,2025-02-03,PRE,NORM,0,0,0,WEB,WEB,EDF,NL,BICNLXXX,DE,vert,Faible,0,0,0,0,0,0,NL,vert,Faible,0,0,0,0,NL,vert,0,0,0,2026-05
CLI00030,CNT000173,service,VRT,VRT,VRT,Virement,,,D,103397.12,EUR,103397.12,EUR,2025-01-13,2025-01-13,2025-01-13,PRE,NORM,0,0,0,IOS,IOS,CARREFOUR,LU,BICLUXXX,GB,vert,Faible,0,0,0,0,0,0,LU,vert,Faible,0,0,0,0,LU,vert,0,0,0,2026-05
CLI00021,CNT000069,service,RET,RET,RET,Retrait,,,C,831.87,EUR,831.87,EUR,2025-08-31,2025-08-31,2025-08-31,CHQ,INST,0,0,0,IOS,IOS,EDF,DE,BICDEXXX,LU,vert,Faible,0,0,0,0,0,0,DE,vert,Faible,0,0,0,0,DE,vert,0,0,0,2026-05
CLI00032,CNT000072,service,PRE,PRE,PRE,Prélèvement,,,C,571.02,EUR,571.02,EUR,2026-02-15,2026-02-15,2026-02-15,VRT,NORM,0,0,0,MOBILE,MOBILE,EDF,IT,BICITXXX,ES,vert,Faible,0,0,0,0,0,0,IT,vert,Faible,0,0,0,0,IT,vert,0,0,0,2026-05
CLI00037,CNT000098,service,PAI,PAI,PAI,Paiement carte,,,D,4021.42,EUR,4021.42,EUR,2026-03-19,2026-03-19,2026-03-19,VRT,NORM,0,1,0,ANDROID,ANDROID,LVMH,IT,BICITXXX,US,vert,Faible,0,0,0,0,0,0,IT,vert,Faible,0,0,0,0,IT,vert,0,0,0,2026-05
CLI00009,CNT000144,service,CHQ,CHQ,CHQ,Chèque,,,D,740.2,EUR,740.2,EUR,2025-09-14,2025-09-14,2025-09-14,PRE,SEPA,0,0,0,IOS,IOS,EDF,CH,BICCHXXX,BE,vert,Faible,0,0,0,0,0,0,CH,vert,Faible,0,0,0,0,CH,vert,0,0,0,2026-05
CLI00004,CNT000191,service,PAI,PAI,PAI,Paiement carte,,,C,3151.16,EUR,3151.16,EUR,2026-04-06,2026-04-06,2026-04-06,CHQ,INST,1,1,1,ANDROID,ANDROID,SG,LU,BICLUXXX,US,vert,Faible,0,0,0,0,0,0,LU,vert,Faible,0,0,0,0,LU,vert,0,0,0,2026-05
CLI00002,CNT000148,service,PRE,PRE,PRE,Prélèvement,,,D,1445.41,EUR,1445.41,EUR,2025-07-23,2025-07-23,2025-07-23,CHQ,INST,0,0,0,WEB,WEB,SG,ES,BICESXXX,DE,vert,Faible,0,0,0,0,0,0,ES,vert,Faible,0,0,0,0,ES,vert,0,0,0,2026-05
CLI00044,CNT000158,service,CHQ,CHQ,CHQ,Chèque,,,C,1336.66,EUR,1336.66,EUR,2026-01-26,2026-01-26,2026-01-26,PRE,NORM,0,0,0,MOBILE,MOBILE,EDF,IT,BICITXXX,CN,orange,Moyen,0,0,0,0,0,0,IT,vert,Faible,0,0,0,0,IT,vert,0,0,0,2026-05
CLI00056,CNT000019,service,PAI,PAI,PAI,Paiement carte,,,D,2111.97,EUR,2111.97,EUR,2026-02-19,2026-02-19,2026-02-19,VRT,INST,0,0,0,IOS,IOS,BNP,IN,BICINXXX,US,vert,Faible,0,0,0,0,0,0,IN,orange,Moyen,0,0,0,0,IN,orange,0,0,0,2026-05
CLI00039,CNT000192,service,PRE,PRE,PRE,Prélèvement,,,C,1296.95,EUR,1296.95,EUR,2026-01-07,2026-01-07,2026-01-07,PRE,SEPA,0,0,0,MOBILE,MOBILE,EDF,LU,BICLUXXX,AE,orange,Moyen,0,0,0,0,0,0,LU,vert,Faible,0,0,0,0,LU,vert,0,0,0,2026-05
CLI00055,CNT000054,service,VRT,VRT,VRT,Virement,,,D,37784.47,EUR,37784.47,EUR,2025-03-23,2025-03-23,2025-03-23,PRE,SEPA,0,0,0,WEB,WEB,CARREFOUR,DE,BICDEXXX,ES,vert,Faible,0,0,0,0,0,0,DE,vert,Faible,0,0,0,0,DE,vert,0,0,0,2026-05
CLI00005,CNT000027,service,PRE,PRE,PRE,Prélèvement,,,C,607.58,EUR,607.58,EUR,2025-03-27,2025-03-27,2025-03-27,VRT,SEPA,0,0,0,IOS,IOS,AXA,FR,BICFRXXX,CH,vert,Faible,0,0,0,0,0,0,FR,vert,Faible,0,0,0,0,FR,vert,0,0,0,2026-05
CLI00020,CNT000135,service,PAI,PAI,PAI,Paiement carte,,,D,3134.27,EUR,3134.27,EUR,2025-05-15,2025-05-15,2025-05-15,CB,SEPA,1,1,0,MOBILE,MOBILE,LVMH,CH,BICCHXXX,NL,vert,Faible,0,0,0,0,0,0,CH,vert,Faible,0,0,0,0,CH,vert,0,0,0,2026-05
CLI00030,CNT000152,service,CHQ,CHQ,CHQ,Chèque,,,C,219.97,EUR,219.97,EUR,2025-07-01,2025-07-01,2025-07-01,PRE,NORM,0,0,0,SVI,SVI,AIRBUS,NL,BICNLXXX,GB,vert,Faible,0,0,0,0,0,0,NL,vert,Faible,0,0,0,0,NL,vert,0,0,0,2026-05
CLI00020,CNT000094,service,RET,RET,RET,Retrait,,,C,152.54,EUR,152.54,EUR,2025-11-12,2025-11-12,2025-11-12,CHQ,SEPA,0,0,0,MOBILE,MOBILE,BNP,DE,BICDEXXX,NL,vert,Faible,0,0,0,0,0,0,DE,vert,Faible,0,0,0,0,DE,vert,0,0,0,2026-05
CLI00001,CNT000121,service,VRT,VRT,VRT,Virement,,,D,20488.25,EUR,20488.25,EUR,2025-10-21,2025-10-21,2025-10-21,PRE,INST,0,0,0,IOS,IOS,BNP,IT,BICITXXX,GB,vert,Faible,0,0,0,0,0,0,IT,vert,Faible,0,0,0,0,IT,vert,0,0,0,2026-05
CLI00001,CNT000049,service,PRE,PRE,PRE,Prélèvement,,,C,1199.22,EUR,1199.22,EUR,2026-01-18,2026-01-18,2026-01-18,PRE,INST,0,0,0,ANDROID,ANDROID,SNCF,NL,BICNLXXX,GB,vert,Faible,0,0,0,0,0,0,NL,vert,Faible,0,0,0,0,NL,vert,0,0,0,2026-05
CLI00011,CNT000133,service,PRE,PRE,PRE,Prélèvement,,,C,137.23,EUR,137.23,EUR,2025-09-03,2025-09-03,2025-09-03,CHQ,NORM,0,0,0,ANDROID,ANDROID,AIRBUS,DE,BICDEXXX,LU,vert,Faible,0,0,0,0,0,0,DE,vert,Faible,0,0,0,0,DE,vert,0,0,0,2026-05
CLI00052,CNT000029,service,RET,RET,RET,Retrait,,,C,289.96,EUR,289.96,EUR,2025-10-24,2025-10-24,2025-10-24,PRE,INST,0,0,0,MOBILE,MOBILE,TOTAL,ES,BICESXXX,LU,vert,Faible,0,0,0,0,0,0,ES,vert,Faible,0,0,0,0,ES,vert,0,0,0,2026-05
CLI00032,CNT000048,service,PAI,PAI,PAI,Paiement carte,,,D,4848.73,EUR,4848.73,EUR,2025-01-23,2025-01-23,2025-01-23,CHQ,INST,0,0,0,MOBILE,MOBILE,CARREFOUR,GB,BICGBXXX,ES,vert,Faible,0,0,0,0,0,0,GB,vert,Faible,0,0,0,0,GB,vert,0,0,0,2026-05
CLI00010,CNT000096,service,VRT,VRT,VRT,Virement,,,C,46770.92,EUR,46770.92,EUR,2026-05-26,2026-05-26,2026-05-26,CB,INST,0,0,0,MOBILE,MOBILE,CARREFOUR,CH,BICCHXXX,CN,orange,Moyen,0,0,0,0,0,0,CH,vert,Faible,0,0,0,0,CH,vert,0,0,0,2026-05
CLI00054,CNT000047,service,PAI,PAI,PAI,Paiement carte,,,D,361.57,EUR,361.57,EUR,2026-04-27,2026-04-27,2026-04-27,CHQ,INST,1,0,1,WEB,WEB,SNCF,IT,BICITXXX,FR,vert,Faible,0,0,0,0,0,0,IT,vert,Faible,0,0,0,0,IT,vert,0,0,0,2026-05
CLI00025,CNT000134,service,PRE,PRE,PRE,Prélèvement,,,D,314.79,EUR,314.79,EUR,2025-04-07,2025-04-07,2025-04-07,PRE,INST,0,0,0,MOBILE,MOBILE,BNP,BY,BICBYXXX,NL,vert,Faible,0,0,0,0,0,0,BY,rouge,Élevé,1,1,1,0,BY,rouge,1,1,1,2026-05
CLI00060,CNT000065,service,RET,RET,RET,Retrait,,,C,1122.19,EUR,1122.19,EUR,2025-05-06,2025-05-06,2025-05-06,CHQ,SEPA,0,0,0,WEB,WEB,SG,IT,BICITXXX,CH,vert,Faible,0,0,0,0,0,0,IT,vert,Faible,0,0,0,0,IT,vert,0,0,0,2026-05
CLI00057,CNT000084,service,VRT,VRT,VRT,Virement,,,D,16983.62,EUR,16983.62,EUR,2026-03-21,2026-03-21,2026-03-21,VRT,INST,0,0,0,AGENCE,AGENCE,TOTAL,DE,BICDEXXX,NL,vert,Faible,0,0,0,0,0,0,DE,vert,Faible,0,0,0,0,DE,vert,0,0,0,2026-05
CLI00008,CNT000177,service,PRE,PRE,PRE,Prélèvement,,,D,82.15,EUR,82.15,EUR,2026-05-02,2026-05-02,2026-05-02,CHQ,SEPA,0,0,0,ANDROID,ANDROID,SNCF,FR,BICFRXXX,FR,vert,Faible,0,0,0,0,0,0,FR,vert,Faible,0,0,0,0,FR,vert,0,0,0,2026-05
CLI00011,CNT000016,service,PRE,PRE,PRE,Prélèvement,,,C,1397.66,EUR,1397.66,EUR,2025-03-03,2025-03-03,2025-03-03,VRT,NORM,0,0,0,WEB,WEB,AIRBUS,US,BICUSXXX,LU,vert,Faible,0,0,0,0,0,0,US,vert,Faible,0,0,0,0,US,vert,0,0,0,2026-05
CLI00051,CNT000113,service,VRT,VRT,VRT,Virement,,,D,147252.27,EUR,147252.27,EUR,2025-12-22,2025-12-22,2025-12-22,CB,NORM,0,0,0,WEB,WEB,AXA,DE,BICDEXXX,DE,vert,Faible,0,0,0,0,0,0,DE,vert,Faible,0,0,0,0,DE,vert,0,0,0,2026-05
CLI00023,CNT000139,service,PAI,PAI,PAI,Paiement carte,,,C,3534.6,EUR,3534.6,EUR,2025-10-29,2025-10-29,2025-10-29,VRT,NORM,0,0,1,MOBILE,MOBILE,BNP,FR,BICFRXXX,ES,vert,Faible,0,0,0,0,0,0,FR,vert,Faible,0,0,0,0,FR,vert,0,0,0,2026-05
CLI00056,CNT000116,service,CHQ,CHQ,CHQ,Chèque,,,C,121.94,EUR,121.94,EUR,2025-06-08,2025-06-08,2025-06-08,CHQ,NORM,0,0,0,AGENCE,AGENCE,SG,NL,BICNLXXX,US,vert,Faible,0,0,0,0,0,0,NL,vert,Faible,0,0,0,0,NL,vert,0,0,0,2026-05
CLI00030,CNT000159,service,VRT,VRT,VRT,Virement,,,C,110061.98,EUR,110061.98,EUR,2025-01-20,2025-01-20,2025-01-20,VRT,INST,0,0,0,ANDROID,ANDROID,CARREFOUR,LU,BICLUXXX,GB,vert,Faible,0,0,0,0,0,0,LU,vert,Faible,0,0,0,0,LU,vert,0,0,0,2026-05
CLI00043,CNT000157,service,CHQ,CHQ,CHQ,Chèque,,,C,1031.17,EUR,1031.17,EUR,2025-06-07,2025-06-07,2025-06-07,CHQ,INST,0,0,0,ANDROID,ANDROID,SG,DE,BICDEXXX,ES,vert,Faible,0,0,0,0,0,0,DE,vert,Faible,0,0,0,0,DE,vert,0,0,0,2026-05
CLI00008,CNT000046,service,VRT,VRT,VRT,Virement,,,D,125287.24,EUR,125287.24,EUR,2025-05-13,2025-05-13,2025-05-13,VRT,SEPA,0,0,0,IOS,IOS,LVMH,FR,BICFRXXX,FR,vert,Faible,0,0,0,0,0,0,FR,vert,Faible,0,0,0,0,FR,vert,0,0,0,2026-05
CLI00013,CNT000135,service,VRT,VRT,VRT,Virement,,,C,58320.39,EUR,58320.39,EUR,2026-05-17,2026-05-17,2026-05-17,CB,INST,0,0,0,WEB,WEB,SNCF,US,BICUSXXX,IR,rouge,Élevé,1,1,0,0,0,0,US,vert,Faible,0,0,0,0,US,vert,0,0,1,2026-05
CLI00039,CNT000120,service,VRT,VRT,VRT,Virement,,,D,98379.62,EUR,98379.62,EUR,2025-03-23,2025-03-23,2025-03-23,CHQ,NORM,0,0,0,WEB,WEB,AXA,BR,BICBRXXX,AE,orange,Moyen,0,0,0,0,0,0,BR,orange,Moyen,0,0,0,0,BR,orange,0,0,0,2026-05
CLI00053,CNT000188,service,RET,RET,RET,Retrait,,,D,933.06,EUR,933.06,EUR,2025-02-11,2025-02-11,2025-02-11,CHQ,SEPA,0,0,0,ANDROID,ANDROID,SNCF,FR,BICFRXXX,ES,vert,Faible,0,0,0,0,0,0,FR,vert,Faible,0,0,0,0,FR,vert,0,0,0,2026-05
CLI00034,CNT000135,service,VRT,VRT,VRT,Virement,,,D,57830.4,EUR,57830.4,EUR,2025-07-17,2025-07-17,2025-07-17,VRT,NORM,0,0,0,WEB,WEB,AIRBUS,DE,BICDEXXX,US,vert,Faible,0,0,0,0,0,0,DE,vert,Faible,0,0,0,0,DE,vert,0,0,0,2026-05
CLI00027,CNT000027,service,VRT,VRT,VRT,Virement,,,D,101190.16,EUR,101190.16,EUR,2026-03-14,2026-03-14,2026-03-14,VRT,NORM,0,0,0,ANDROID,ANDROID,AXA,NL,BICNLXXX,GB,vert,Faible,0,0,0,0,0,0,NL,vert,Faible,0,0,0,0,NL,vert,0,0,0,2026-05
CLI00033,CNT000081,service,RET,RET,RET,Retrait,,,C,907.88,EUR,907.88,EUR,2025-12-27,2025-12-27,2025-12-27,CHQ,INST,0,0,0,IOS,IOS,AXA,NL,BICNLXXX,FR,vert,Faible,0,0,0,0,0,0,NL,vert,Faible,0,0,0,0,NL,vert,0,0,0,2026-05
CLI00053,CNT000093,service,RET,RET,RET,Retrait,,,C,336.61,EUR,336.61,EUR,2025-09-18,2025-09-18,2025-09-18,PRE,INST,0,0,0,IOS,IOS,AMAZON,NL,BICNLXXX,ES,vert,Faible,0,0,0,0,0,0,NL,vert,Faible,0,0,0,0,NL,vert,0,0,0,2026-05
CLI00047,CNT000002,service,VRT,VRT,VRT,Virement,,,C,77665.52,EUR,77665.52,EUR,2025-11-06,2025-11-06,2025-11-06,VRT,SEPA,0,0,0,SVI,SVI,SG,NL,BICNLXXX,LU,vert,Faible,0,0,0,0,0,0,NL,vert,Faible,0,0,0,0,NL,vert,0,0,0,2026-05
CLI00002,CNT000025,service,RET,RET,RET,Retrait,,,D,864.59,EUR,864.59,EUR,2025-06-08,2025-06-08,2025-06-08,PRE,INST,0,0,0,SVI,SVI,EDF,LU,BICLUXXX,DE,vert,Faible,0,0,0,0,0,0,LU,vert,Faible,0,0,0,0,LU,vert,0,0,0,2026-05
CLI00009,CNT000024,service,RET,RET,RET,Retrait,,,C,364.83,EUR,364.83,EUR,2025-11-04,2025-11-04,2025-11-04,VRT,NORM,0,0,0,MOBILE,MOBILE,CARREFOUR,NL,BICNLXXX,BE,vert,Faible,0,0,0,0,0,0,NL,vert,Faible,0,0,0,0,NL,vert,0,0,0,2026-05
CLI00047,CNT000153,service,RET,RET,RET,Retrait,,,C,1242.04,EUR,1242.04,EUR,2025-04-08,2025-04-08,2025-04-08,CB,NORM,0,0,0,ANDROID,ANDROID,TOTAL,GB,BICGBXXX,LU,vert,Faible,0,0,0,0,0,0,GB,vert,Faible,0,0,0,0,GB,vert,0,0,0,2026-05
CLI00025,CNT000107,service,VRT,VRT,VRT,Virement,,,D,50191.73,EUR,50191.73,EUR,2026-03-21,2026-03-21,2026-03-21,VRT,NORM,0,0,0,ANDROID,ANDROID,TOTAL,IN,BICINXXX,NL,vert,Faible,0,0,0,0,0,0,IN,orange,Moyen,0,0,0,0,IN,orange,0,0,0,2026-05
CLI00060,CNT000082,service,VRT,VRT,VRT,Virement,,,D,8166.49,EUR,8166.49,EUR,2025-02-12,2025-02-12,2025-02-12,CHQ,NORM,0,0,0,IOS,IOS,SNCF,US,BICUSXXX,CH,vert,Faible,0,0,0,0,0,0,US,vert,Faible,0,0,0,0,US,vert,0,0,0,2026-05
CLI00010,CNT000057,service,VRT,VRT,VRT,Virement,,,C,145657.48,EUR,145657.48,EUR,2025-04-03,2025-04-03,2025-04-03,CHQ,INST,0,0,0,IOS,IOS,EDF,BY,BICBYXXX,CN,orange,Moyen,0,0,0,0,0,0,BY,rouge,Élevé,1,1,1,0,BY,rouge,1,1,1,2026-05
CLI00009,CNT000068,service,RET,RET,RET,Retrait,,,D,92.98,EUR,92.98,EUR,2026-02-13,2026-02-13,2026-02-13,PRE,NORM,0,0,0,WEB,WEB,AXA,NL,BICNLXXX,BE,vert,Faible,0,0,0,0,0,0,NL,vert,Faible,0,0,0,0,NL,vert,0,0,0,2026-05
CLI00050,CNT000167,service,PAI,PAI,PAI,Paiement carte,,,D,994.55,EUR,994.55,EUR,2026-02-09,2026-02-09,2026-02-09,VRT,SEPA,0,1,0,ANDROID,ANDROID,TOTAL,LU,BICLUXXX,DE,vert,Faible,0,0,0,0,0,0,LU,vert,Faible,0,0,0,0,LU,vert,0,0,0,2026-05
CLI00006,CNT000089,service,VRT,VRT,VRT,Virement,,,D,52278.76,EUR,52278.76,EUR,2025-11-25,2025-11-25,2025-11-25,CHQ,SEPA,0,0,0,IOS,IOS,SG,BE,BICBEXXX,LU,vert,Faible,0,0,0,0,0,0,BE,vert,Faible,0,0,0,0,BE,vert,0,0,0,2026-05
CLI00040,CNT000052,service,PRE,PRE,PRE,Prélèvement,,,C,1387.84,EUR,1387.84,EUR,2025-08-28,2025-08-28,2025-08-28,VRT,NORM,0,0,0,IOS,IOS,CARREFOUR,LU,BICLUXXX,ES,vert,Faible,0,0,0,0,0,0,LU,vert,Faible,0,0,0,0,LU,vert,0,0,0,2026-05
CLI00008,CNT000004,service,VRT,VRT,VRT,Virement,,,C,22194.18,EUR,22194.18,EUR,2025-10-22,2025-10-22,2025-10-22,CB,INST,0,0,0,MOBILE,MOBILE,LVMH,US,BICUSXXX,FR,vert,Faible,0,0,0,0,0,0,US,vert,Faible,0,0,0,0,US,vert,0,0,0,2026-05
